Year;Genus;Species;Serotype;Phagetype;Genotype;Food_Source;Units_Tested;Units_positive;Index;;;;;;;
2009;Salmonella;Enterica;Enteritidis;PT 21;;BEEF;2267;0;0;;;;;;;
2009;Salmonella;Enterica;Enteritidis;PT 4;;BEEF;2267;0;0;;;;;;;
2009;Salmonella;Enterica;Enteritidis;PT 8;;BEEF;2267;0;0;;;;;;;
2009;Salmonella;Enterica;Typhimurium;DT 104;RRRRSSSSS;BEEF;2267;0;0;;;;;;;
2009;Salmonella;Enterica;Typhimurium;DT 120;RSRRSSSSS;BEEF;2267;0;0;;;;;;;
2009;Salmonella;Enterica;Typhimurium;DT 120;RSRSSSSSS;BEEF;2267;0;0;;;;;;;
2009;Salmonella;Enterica;Typhimurium;DT 193;RSRRSSSSS;BEEF;2267;0;0;;;;;;;
2009;Salmonella;Enterica;Typhimurium;NT;RSRSSSSSS;BEEF;2267;0;0;;;;;;;
2009;Salmonella;Enterica;Typhimurium;U302;RRRRSSSSS;BEEF;2267;0;0;;;;;;;
2009;Salmonella;Enterica;Typhimurium;DT 12;SSSSSSSSS;BEEF;2267;0;0;;;;;;;
2009;Salmonella;Enterica;Typhimurium;DT 120;SSSSSSSSS;BEEF;2267;0;0;;;;;;;
2009;Salmonella;Enterica;Typhimurium;DT 17;SSSSSSSSS;BEEF;2267;0;0;;;;;;;
2009;Salmonella;Enterica;Typhimurium;DT 193;SSSSSSSSS;BEEF;2267;0;0;;;;;;;
2009;Salmonella;Enterica;Typhimurium;DT 41;SSSSSSSSS;BEEF;2267;0;0;;;;;;;
2009;Salmonella;Enterica;Typhimurium;DT 66;SSSSSSSSS;BEEF;2267;0;0;;;;;;;
2009;Salmonella;Enterica;Typhimurium;DT 8;SSSSSSSSS;BEEF;2267;0;0;;;;;;;
2009;Salmonella;Enterica;Typhimurium;NT;SSSSSSSSS;BEEF;2267;0;0;;;;;;;
2009;Salmonella;Enterica;Typhimurium;U312;SSSSSSSSS;BEEF;2267;0;0;;;;;;;
2009;Salmonella;Enterica;Typhimurium;DT 193;;BEEF;2267;0;0;;;;;;;
2009;Salmonella;Enterica;Agona;;;BEEF;2267;0;0;;;;;;;
2009;Salmonella;Enterica;Anatum;;;BEEF;2267;0;0;;;;;;;
2009;Salmonella;Enterica;Brandenburg;;;BEEF;2267;0;0;;;;;;;
2009;Salmonella;Enterica;Derby;;;BEEF;2267;0;0;;;;;;;
2009;Salmonella;Enterica;Dublin;;;BEEF;2267;2;0;;;;;;;
2009;Salmonella;Enterica;Hadar;;;BEEF;2267;0;0;;;;;;;
2009;Salmonella;Enterica;Indiana;;;BEEF;2267;0;0;;;;;;;
2009;Salmonella;Enterica;Infantis;;;BEEF;2267;0;0;;;;;;;
2009;Salmonella;Enterica;Kentucky;;;BEEF;2267;0;0;;;;;;;
2009;Salmonella;Enterica;Kottbus;;;BEEF;2267;0;0;;;;;;;
2009;Salmonella;Enterica;London;;;BEEF;2267;0;0;;;;;;;
2009;Salmonella;Enterica;Mbandaka;;;BEEF;2267;0;0;;;;;;;
2009;Salmonella;Enterica;Newport;;;BEEF;2267;0;0;;;;;;;
2009;Salmonella;Enterica;Reading;;;BEEF;2267;0;0;;;;;;;
2009;Salmonella;Enterica;Rissen;;;BEEF;2267;0;0;;;;;;;
2009;Salmonella;Enterica;Saintpaul;;;BEEF;2267;0;0;;;;;;;
2009;Salmonella;Enterica;Schwarzengrund;;;BEEF;2267;0;0;;;;;;;
2009;Salmonella;Enterica;Senftenberg;;;BEEF;2267;0;0;;;;;;;
2009;Salmonella;Enterica;Tennessee;;;BEEF;2267;0;0;;;;;;;
2009;Salmonella;Enterica;Others;;;BEEF;2267;3;;;;;;;;
2009;Salmonella;Enterica;Enteritidis;PT 21;;BROILERS;158;0;0;;;;;;;
2009;Salmonella;Enterica;Enteritidis;PT 4;;BROILERS;158;0;0;;;;;;;
2009;Salmonella;Enterica;Enteritidis;PT 8;;BROILERS;158;0;0;;;;;;;
2009;Salmonella;Enterica;Typhimurium;DT 104;RRRRSSSSS;BROILERS;158;0;0;;;;;;;
2009;Salmonella;Enterica;Typhimurium;DT 120;RSRRSSSSS;BROILERS;158;0;0;;;;;;;
2009;Salmonella;Enterica;Typhimurium;DT 120;RSRSSSSSS;BROILERS;158;0;0;;;;;;;
2009;Salmonella;Enterica;Typhimurium;DT 193;RSRRSSSSS;BROILERS;158;0;0;;;;;;;
2009;Salmonella;Enterica;Typhimurium;NT;RSRSSSSSS;BROILERS;158;0;0;;;;;;;
2009;Salmonella;Enterica;Typhimurium;U302;RRRRSSSSS;BROILERS;158;0;0;;;;;;;
2009;Salmonella;Enterica;Typhimurium;DT 12;SSSSSSSSS;BROILERS;158;0;0;;;;;;;
2009;Salmonella;Enterica;Typhimurium;DT 120;SSSSSSSSS;BROILERS;158;0;0;;;;;;;
2009;Salmonella;Enterica;Typhimurium;DT 17;SSSSSSSSS;BROILERS;158;0;0;;;;;;;
2009;Salmonella;Enterica;Typhimurium;DT 193;SSSSSSSSS;BROILERS;158;0;0;;;;;;;
2009;Salmonella;Enterica;Typhimurium;DT 41;SSSSSSSSS;BROILERS;158;0;0;;;;;;;
2009;Salmonella;Enterica;Typhimurium;DT 66;SSSSSSSSS;BROILERS;158;0;0;;;;;;;
2009;Salmonella;Enterica;Typhimurium;DT 8;SSSSSSSSS;BROILERS;158;0;0;;;;;;;
2009;Salmonella;Enterica;Typhimurium;NT;SSSSSSSSS;BROILERS;158;0;0;;;;;;;
2009;Salmonella;Enterica;Typhimurium;U312;SSSSSSSSS;BROILERS;158;0;0;;;;;;;
2009;Salmonella;Enterica;Typhimurium;DT 193;;BROILERS;158;0;0;;;;;;;
2009;Salmonella;Enterica;Agona;;;BROILERS;158;0;0;;;;;;;
2009;Salmonella;Enterica;Anatum;;;BROILERS;158;0;0;;;;;;;
2009;Salmonella;Enterica;Brandenburg;;;BROILERS;158;0;0;;;;;;;
2009;Salmonella;Enterica;Derby;;;BROILERS;158;0;0;;;;;;;
2009;Salmonella;Enterica;Dublin;;;BROILERS;158;0;0;;;;;;;
2009;Salmonella;Enterica;Hadar;;;BROILERS;158;0;0;;;;;;;
2009;Salmonella;Enterica;Indiana;;;BROILERS;158;0;0;;;;;;;
2009;Salmonella;Enterica;Infantis;;;BROILERS;158;0;0;;;;;;;
2009;Salmonella;Enterica;Kentucky;;;BROILERS;158;0;0;;;;;;;
2009;Salmonella;Enterica;Kottbus;;;BROILERS;158;0;0;;;;;;;
2009;Salmonella;Enterica;London;;;BROILERS;158;0;0;;;;;;;
2009;Salmonella;Enterica;Mbandaka;;;BROILERS;158;0;0;;;;;;;
2009;Salmonella;Enterica;Newport;;;BROILERS;158;0;0;;;;;;;
2009;Salmonella;Enterica;Reading;;;BROILERS;158;0;0;;;;;;;
2009;Salmonella;Enterica;Rissen;;;BROILERS;158;0;0;;;;;;;
2009;Salmonella;Enterica;Saintpaul;;;BROILERS;158;0;0;;;;;;;
2009;Salmonella;Enterica;Schwarzengrund;;;BROILERS;158;0;0;;;;;;;
2009;Salmonella;Enterica;Senftenberg;;;BROILERS;158;0;0;;;;;;;
2009;Salmonella;Enterica;Tennessee;;;BROILERS;158;0;0;;;;;;;
2009;Salmonella;Enterica;Others;;;BROILERS;158;0;;;;;;;;
2009;Salmonella;Enterica;Enteritidis;PT 21;;DUCKS;45;0;0;;;;;;;
2009;Salmonella;Enterica;Enteritidis;PT 4;;DUCKS;45;0;0;;;;;;;
2009;Salmonella;Enterica;Enteritidis;PT 8;;DUCKS;45;0;0;;;;;;;
2009;Salmonella;Enterica;Typhimurium;DT 104;RRRRSSSSS;DUCKS;45;0;0;;;;;;;
2009;Salmonella;Enterica;Typhimurium;DT 120;RSRRSSSSS;DUCKS;45;0;0;;;;;;;
2009;Salmonella;Enterica;Typhimurium;DT 120;RSRSSSSSS;DUCKS;45;0;0;;;;;;;
2009;Salmonella;Enterica;Typhimurium;DT 193;RSRRSSSSS;DUCKS;45;0;0;;;;;;;
2009;Salmonella;Enterica;Typhimurium;NT;RSRSSSSSS;DUCKS;45;0;0;;;;;;;
2009;Salmonella;Enterica;Typhimurium;U302;RRRRSSSSS;DUCKS;45;0;0;;;;;;;
2009;Salmonella;Enterica;Typhimurium;DT 12;SSSSSSSSS;DUCKS;45;0;0;;;;;;;
2009;Salmonella;Enterica;Typhimurium;DT 120;SSSSSSSSS;DUCKS;45;0;0;;;;;;;
2009;Salmonella;Enterica;Typhimurium;DT 17;SSSSSSSSS;DUCKS;45;0;0;;;;;;;
2009;Salmonella;Enterica;Typhimurium;DT 193;SSSSSSSSS;DUCKS;45;0;0;;;;;;;
2009;Salmonella;Enterica;Typhimurium;DT 41;SSSSSSSSS;DUCKS;45;0;0;;;;;;;
2009;Salmonella;Enterica;Typhimurium;DT 66;SSSSSSSSS;DUCKS;45;0;0;;;;;;;
2009;Salmonella;Enterica;Typhimurium;DT 8;SSSSSSSSS;DUCKS;45;0;0;;;;;;;
2009;Salmonella;Enterica;Typhimurium;NT;SSSSSSSSS;DUCKS;45;0;0;;;;;;;
2009;Salmonella;Enterica;Typhimurium;U312;SSSSSSSSS;DUCKS;45;0;0;;;;;;;
2009;Salmonella;Enterica;Typhimurium;DT 193;;DUCKS;45;0;0;;;;;;;
2009;Salmonella;Enterica;Agona;;;DUCKS;45;0;0;;;;;;;
2009;Salmonella;Enterica;Anatum;;;DUCKS;45;13;0;;;;;;;
2009;Salmonella;Enterica;Brandenburg;;;DUCKS;45;0;0;;;;;;;
2009;Salmonella;Enterica;Derby;;;DUCKS;45;0;0;;;;;;;
2009;Salmonella;Enterica;Dublin;;;DUCKS;45;0;0;;;;;;;
2009;Salmonella;Enterica;Hadar;;;DUCKS;45;0;0;;;;;;;
2009;Salmonella;Enterica;Indiana;;;DUCKS;45;2;0;;;;;;;
2009;Salmonella;Enterica;Infantis;;;DUCKS;45;0;0;;;;;;;
2009;Salmonella;Enterica;Kentucky;;;DUCKS;45;0;0;;;;;;;
2009;Salmonella;Enterica;Kottbus;;;DUCKS;45;0;0;;;;;;;
2009;Salmonella;Enterica;London;;;DUCKS;45;0;0;;;;;;;
2009;Salmonella;Enterica;Mbandaka;;;DUCKS;45;0;0;;;;;;;
2009;Salmonella;Enterica;Newport;;;DUCKS;45;0;0;;;;;;;
2009;Salmonella;Enterica;Reading;;;DUCKS;45;0;0;;;;;;;
2009;Salmonella;Enterica;Rissen;;;DUCKS;45;0;0;;;;;;;
2009;Salmonella;Enterica;Saintpaul;;;DUCKS;45;0;0;;;;;;;
2009;Salmonella;Enterica;Schwarzengrund;;;DUCKS;45;0;0;;;;;;;
2009;Salmonella;Enterica;Senftenberg;;;DUCKS;45;0;0;;;;;;;
2009;Salmonella;Enterica;Tennessee;;;DUCKS;45;0;0;;;;;;;
2009;Salmonella;Enterica;Others;;;DUCKS;45;18;;;;;;;;
2009;Salmonella;Enterica;Enteritidis;PT 21;;IMP_BEEF;69;0;0;;;;;;;
2009;Salmonella;Enterica;Enteritidis;PT 4;;IMP_BEEF;69;0;0;;;;;;;
2009;Salmonella;Enterica;Enteritidis;PT 8;;IMP_BEEF;69;0;0;;;;;;;
2009;Salmonella;Enterica;Typhimurium;DT 104;RRRRSSSSS;IMP_BEEF;69;0;0;;;;;;;
2009;Salmonella;Enterica;Typhimurium;DT 120;RSRRSSSSS;IMP_BEEF;69;0;0;;;;;;;
2009;Salmonella;Enterica;Typhimurium;DT 120;RSRSSSSSS;IMP_BEEF;69;0;0;;;;;;;
2009;Salmonella;Enterica;Typhimurium;DT 193;RSRRSSSSS;IMP_BEEF;69;0;0;;;;;;;
2009;Salmonella;Enterica;Typhimurium;NT;RSRSSSSSS;IMP_BEEF;69;0;0;;;;;;;
2009;Salmonella;Enterica;Typhimurium;U302;RRRRSSSSS;IMP_BEEF;69;0;0;;;;;;;
2009;Salmonella;Enterica;Typhimurium;DT 12;SSSSSSSSS;IMP_BEEF;69;0;0;;;;;;;
2009;Salmonella;Enterica;Typhimurium;DT 120;SSSSSSSSS;IMP_BEEF;69;0;0;;;;;;;
2009;Salmonella;Enterica;Typhimurium;DT 17;SSSSSSSSS;IMP_BEEF;69;0;0;;;;;;;
2009;Salmonella;Enterica;Typhimurium;DT 193;SSSSSSSSS;IMP_BEEF;69;0;0;;;;;;;
2009;Salmonella;Enterica;Typhimurium;DT 41;SSSSSSSSS;IMP_BEEF;69;0;0;;;;;;;
2009;Salmonella;Enterica;Typhimurium;DT 66;SSSSSSSSS;IMP_BEEF;69;0;0;;;;;;;
2009;Salmonella;Enterica;Typhimurium;DT 8;SSSSSSSSS;IMP_BEEF;69;0;0;;;;;;;
2009;Salmonella;Enterica;Typhimurium;NT;SSSSSSSSS;IMP_BEEF;69;0;0;;;;;;;
2009;Salmonella;Enterica;Typhimurium;U312;SSSSSSSSS;IMP_BEEF;69;0;0;;;;;;;
2009;Salmonella;Enterica;Typhimurium;DT 193;;IMP_BEEF;69;0;0;;;;;;;
2009;Salmonella;Enterica;Agona;;;IMP_BEEF;69;0;0;;;;;;;
2009;Salmonella;Enterica;Anatum;;;IMP_BEEF;69;0;0;;;;;;;
2009;Salmonella;Enterica;Brandenburg;;;IMP_BEEF;69;0;0;;;;;;;
2009;Salmonella;Enterica;Derby;;;IMP_BEEF;69;0;0;;;;;;;
2009;Salmonella;Enterica;Dublin;;;IMP_BEEF;69;2;0;;;;;;;
2009;Salmonella;Enterica;Hadar;;;IMP_BEEF;69;0;0;;;;;;;
2009;Salmonella;Enterica;Indiana;;;IMP_BEEF;69;0;0;;;;;;;
2009;Salmonella;Enterica;Infantis;;;IMP_BEEF;69;0;0;;;;;;;
2009;Salmonella;Enterica;Kentucky;;;IMP_BEEF;69;0;0;;;;;;;
2009;Salmonella;Enterica;Kottbus;;;IMP_BEEF;69;0;0;;;;;;;
2009;Salmonella;Enterica;London;;;IMP_BEEF;69;0;0;;;;;;;
2009;Salmonella;Enterica;Mbandaka;;;IMP_BEEF;69;0;0;;;;;;;
2009;Salmonella;Enterica;Newport;;;IMP_BEEF;69;0;0;;;;;;;
2009;Salmonella;Enterica;Reading;;;IMP_BEEF;69;0;0;;;;;;;
2009;Salmonella;Enterica;Rissen;;;IMP_BEEF;69;0;0;;;;;;;
2009;Salmonella;Enterica;Saintpaul;;;IMP_BEEF;69;0;0;;;;;;;
2009;Salmonella;Enterica;Schwarzengrund;;;IMP_BEEF;69;0;0;;;;;;;
2009;Salmonella;Enterica;Senftenberg;;;IMP_BEEF;69;0;0;;;;;;;
2009;Salmonella;Enterica;Tennessee;;;IMP_BEEF;69;0;0;;;;;;;
2009;Salmonella;Enterica;Others;;;IMP_BEEF;69;0;;;;;;;;
2009;Salmonella;Enterica;Enteritidis;PT 21;;IMP_CHIICK;341;1;0;;;;;;;
2009;Salmonella;Enterica;Enteritidis;PT 4;;IMP_CHIICK;341;1;0;;;;;;;
2009;Salmonella;Enterica;Enteritidis;PT 8;;IMP_CHIICK;341;0;0;;;;;;;
2009;Salmonella;Enterica;Typhimurium;DT 104;RRRRSSSSS;IMP_CHIICK;341;0;0;;;;;;;
2009;Salmonella;Enterica;Typhimurium;DT 120;RSRRSSSSS;IMP_CHIICK;341;1;0;;;;;;;
2009;Salmonella;Enterica;Typhimurium;DT 120;RSRSSSSSS;IMP_CHIICK;341;0;0;;;;;;;
2009;Salmonella;Enterica;Typhimurium;DT 193;RSRRSSSSS;IMP_CHIICK;341;0;0;;;;;;;
2009;Salmonella;Enterica;Typhimurium;NT;RSRSSSSSS;IMP_CHIICK;341;0;0;;;;;;;
2009;Salmonella;Enterica;Typhimurium;U302;RRRRSSSSS;IMP_CHIICK;341;0;0;;;;;;;
2009;Salmonella;Enterica;Typhimurium;DT 12;SSSSSSSSS;IMP_CHIICK;341;0;0;;;;;;;
2009;Salmonella;Enterica;Typhimurium;DT 120;SSSSSSSSS;IMP_CHIICK;341;0;0;;;;;;;
2009;Salmonella;Enterica;Typhimurium;DT 17;SSSSSSSSS;IMP_CHIICK;341;0;0;;;;;;;
2009;Salmonella;Enterica;Typhimurium;DT 193;SSSSSSSSS;IMP_CHIICK;341;0;0;;;;;;;
2009;Salmonella;Enterica;Typhimurium;DT 41;SSSSSSSSS;IMP_CHIICK;341;0;0;;;;;;;
2009;Salmonella;Enterica;Typhimurium;DT 66;SSSSSSSSS;IMP_CHIICK;341;0;0;;;;;;;
2009;Salmonella;Enterica;Typhimurium;DT 8;SSSSSSSSS;IMP_CHIICK;341;0;0;;;;;;;
2009;Salmonella;Enterica;Typhimurium;NT;SSSSSSSSS;IMP_CHIICK;341;0;0;;;;;;;
2009;Salmonella;Enterica;Typhimurium;U312;SSSSSSSSS;IMP_CHIICK;341;7;0;;;;;;;
2009;Salmonella;Enterica;Typhimurium;DT 193;;IMP_CHIICK;341;0;0;;;;;;;
2009;Salmonella;Enterica;Agona;;;IMP_CHIICK;341;0;0;;;;;;;
2009;Salmonella;Enterica;Anatum;;;IMP_CHIICK;341;0;0;;;;;;;
2009;Salmonella;Enterica;Brandenburg;;;IMP_CHIICK;341;0;0;;;;;;;
2009;Salmonella;Enterica;Derby;;;IMP_CHIICK;341;1;0;;;;;;;
2009;Salmonella;Enterica;Dublin;;;IMP_CHIICK;341;0;0;;;;;;;
2009;Salmonella;Enterica;Hadar;;;IMP_CHIICK;341;4;0;;;;;;;
2009;Salmonella;Enterica;Indiana;;;IMP_CHIICK;341;0;0;;;;;;;
2009;Salmonella;Enterica;Infantis;;;IMP_CHIICK;341;17;0;;;;;;;
2009;Salmonella;Enterica;Kentucky;;;IMP_CHIICK;341;0;0;;;;;;;
2009;Salmonella;Enterica;Kottbus;;;IMP_CHIICK;341;0;0;;;;;;;
2009;Salmonella;Enterica;London;;;IMP_CHIICK;341;0;0;;;;;;;
2009;Salmonella;Enterica;Mbandaka;;;IMP_CHIICK;341;1;0;;;;;;;
2009;Salmonella;Enterica;Newport;;;IMP_CHIICK;341;1;0;;;;;;;
2009;Salmonella;Enterica;Reading;;;IMP_CHIICK;341;0;0;;;;;;;
2009;Salmonella;Enterica;Rissen;;;IMP_CHIICK;341;0;0;;;;;;;
2009;Salmonella;Enterica;Saintpaul;;;IMP_CHIICK;341;0;0;;;;;;;
2009;Salmonella;Enterica;Schwarzengrund;;;IMP_CHIICK;341;0;0;;;;;;;
2009;Salmonella;Enterica;Senftenberg;;;IMP_CHIICK;341;0;0;;;;;;;
2009;Salmonella;Enterica;Tennessee;;;IMP_CHIICK;341;0;0;;;;;;;
2009;Salmonella;Enterica;Others;;;IMP_CHIICK;341;18;;;;;;;;
2009;Salmonella;Enterica;Enteritidis;PT 21;;IMP_DUCK;233;0;0;;;;;;;
2009;Salmonella;Enterica;Enteritidis;PT 4;;IMP_DUCK;233;0;0;;;;;;;
2009;Salmonella;Enterica;Enteritidis;PT 8;;IMP_DUCK;233;0;0;;;;;;;
2009;Salmonella;Enterica;Typhimurium;DT 104;RRRRSSSSS;IMP_DUCK;233;0;0;;;;;;;
2009;Salmonella;Enterica;Typhimurium;DT 120;RSRRSSSSS;IMP_DUCK;233;0;0;;;;;;;
2009;Salmonella;Enterica;Typhimurium;DT 120;RSRSSSSSS;IMP_DUCK;233;0;0;;;;;;;
2009;Salmonella;Enterica;Typhimurium;DT 193;RSRRSSSSS;IMP_DUCK;233;0;0;;;;;;;
2009;Salmonella;Enterica;Typhimurium;NT;RSRSSSSSS;IMP_DUCK;233;0;0;;;;;;;
2009;Salmonella;Enterica;Typhimurium;U302;RRRRSSSSS;IMP_DUCK;233;0;0;;;;;;;
2009;Salmonella;Enterica;Typhimurium;DT 12;SSSSSSSSS;IMP_DUCK;233;0;0;;;;;;;
2009;Salmonella;Enterica;Typhimurium;DT 120;SSSSSSSSS;IMP_DUCK;233;0;0;;;;;;;
2009;Salmonella;Enterica;Typhimurium;DT 17;SSSSSSSSS;IMP_DUCK;233;0;0;;;;;;;
2009;Salmonella;Enterica;Typhimurium;DT 193;SSSSSSSSS;IMP_DUCK;233;0;0;;;;;;;
2009;Salmonella;Enterica;Typhimurium;DT 41;SSSSSSSSS;IMP_DUCK;233;0;0;;;;;;;
2009;Salmonella;Enterica;Typhimurium;DT 66;SSSSSSSSS;IMP_DUCK;233;0;0;;;;;;;
2009;Salmonella;Enterica;Typhimurium;DT 8;SSSSSSSSS;IMP_DUCK;233;0;0;;;;;;;
2009;Salmonella;Enterica;Typhimurium;NT;SSSSSSSSS;IMP_DUCK;233;0;0;;;;;;;
2009;Salmonella;Enterica;Typhimurium;U312;SSSSSSSSS;IMP_DUCK;233;0;0;;;;;;;
2009;Salmonella;Enterica;Typhimurium;DT 193;;IMP_DUCK;233;0;0;;;;;;;
2009;Salmonella;Enterica;Agona;;;IMP_DUCK;233;0;0;;;;;;;
2009;Salmonella;Enterica;Anatum;;;IMP_DUCK;233;0;0;;;;;;;
2009;Salmonella;Enterica;Brandenburg;;;IMP_DUCK;233;0;0;;;;;;;
2009;Salmonella;Enterica;Derby;;;IMP_DUCK;233;0;0;;;;;;;
2009;Salmonella;Enterica;Dublin;;;IMP_DUCK;233;0;0;;;;;;;
2009;Salmonella;Enterica;Hadar;;;IMP_DUCK;233;0;0;;;;;;;
2009;Salmonella;Enterica;Indiana;;;IMP_DUCK;233;1;0;;;;;;;
2009;Salmonella;Enterica;Infantis;;;IMP_DUCK;233;0;0;;;;;;;
2009;Salmonella;Enterica;Kentucky;;;IMP_DUCK;233;0;0;;;;;;;
2009;Salmonella;Enterica;Kottbus;;;IMP_DUCK;233;0;0;;;;;;;
2009;Salmonella;Enterica;London;;;IMP_DUCK;233;0;0;;;;;;;
2009;Salmonella;Enterica;Mbandaka;;;IMP_DUCK;233;0;0;;;;;;;
2009;Salmonella;Enterica;Newport;;;IMP_DUCK;233;0;0;;;;;;;
2009;Salmonella;Enterica;Reading;;;IMP_DUCK;233;0;0;;;;;;;
2009;Salmonella;Enterica;Rissen;;;IMP_DUCK;233;0;0;;;;;;;
2009;Salmonella;Enterica;Saintpaul;;;IMP_DUCK;233;0;0;;;;;;;
2009;Salmonella;Enterica;Schwarzengrund;;;IMP_DUCK;233;0;0;;;;;;;
2009;Salmonella;Enterica;Senftenberg;;;IMP_DUCK;233;0;0;;;;;;;
2009;Salmonella;Enterica;Tennessee;;;IMP_DUCK;233;0;0;;;;;;;
2009;Salmonella;Enterica;Others;;;IMP_DUCK;233;0;;;;;;;;
2009;Salmonella;Enterica;Enteritidis;PT 21;;IMP_PORK;167;0;0;;;;;;;
2009;Salmonella;Enterica;Enteritidis;PT 4;;IMP_PORK;167;0;0;;;;;;;
2009;Salmonella;Enterica;Enteritidis;PT 8;;IMP_PORK;167;0;0;;;;;;;
2009;Salmonella;Enterica;Typhimurium;DT 104;RRRRSSSSS;IMP_PORK;167;2;0;;;;;;;
2009;Salmonella;Enterica;Typhimurium;DT 120;RSRRSSSSS;IMP_PORK;167;3;0;;;;;;;
2009;Salmonella;Enterica;Typhimurium;DT 120;RSRSSSSSS;IMP_PORK;167;1;0;;;;;;;
2009;Salmonella;Enterica;Typhimurium;DT 193;RSRRSSSSS;IMP_PORK;167;0;0;;;;;;;
2009;Salmonella;Enterica;Typhimurium;NT;RSRSSSSSS;IMP_PORK;167;0;0;;;;;;;
2009;Salmonella;Enterica;Typhimurium;U302;RRRRSSSSS;IMP_PORK;167;0;0;;;;;;;
2009;Salmonella;Enterica;Typhimurium;DT 12;SSSSSSSSS;IMP_PORK;167;0;0;;;;;;;
2009;Salmonella;Enterica;Typhimurium;DT 120;SSSSSSSSS;IMP_PORK;167;1;0;;;;;;;
2009;Salmonella;Enterica;Typhimurium;DT 17;SSSSSSSSS;IMP_PORK;167;0;0;;;;;;;
2009;Salmonella;Enterica;Typhimurium;DT 193;SSSSSSSSS;IMP_PORK;167;1;0;;;;;;;
2009;Salmonella;Enterica;Typhimurium;DT 41;SSSSSSSSS;IMP_PORK;167;0;0;;;;;;;
2009;Salmonella;Enterica;Typhimurium;DT 66;SSSSSSSSS;IMP_PORK;167;0;0;;;;;;;
2009;Salmonella;Enterica;Typhimurium;DT 8;SSSSSSSSS;IMP_PORK;167;0;0;;;;;;;
2009;Salmonella;Enterica;Typhimurium;NT;SSSSSSSSS;IMP_PORK;167;0;0;;;;;;;
2009;Salmonella;Enterica;Typhimurium;U312;SSSSSSSSS;IMP_PORK;167;0;0;;;;;;;
2009;Salmonella;Enterica;Typhimurium;DT 193;;IMP_PORK;167;1;0;;;;;;;
2009;Salmonella;Enterica;Agona;;;IMP_PORK;167;0;0;;;;;;;
2009;Salmonella;Enterica;Anatum;;;IMP_PORK;167;1;0;;;;;;;
2009;Salmonella;Enterica;Brandenburg;;;IMP_PORK;167;2;0;;;;;;;
2009;Salmonella;Enterica;Derby;;;IMP_PORK;167;8;0;;;;;;;
2009;Salmonella;Enterica;Dublin;;;IMP_PORK;167;0;0;;;;;;;
2009;Salmonella;Enterica;Hadar;;;IMP_PORK;167;0;0;;;;;;;
2009;Salmonella;Enterica;Indiana;;;IMP_PORK;167;0;0;;;;;;;
2009;Salmonella;Enterica;Infantis;;;IMP_PORK;167;1;0;;;;;;;
2009;Salmonella;Enterica;Kentucky;;;IMP_PORK;167;0;0;;;;;;;
2009;Salmonella;Enterica;Kottbus;;;IMP_PORK;167;0;0;;;;;;;
2009;Salmonella;Enterica;London;;;IMP_PORK;167;0;0;;;;;;;
2009;Salmonella;Enterica;Mbandaka;;;IMP_PORK;167;0;0;;;;;;;
2009;Salmonella;Enterica;Newport;;;IMP_PORK;167;0;0;;;;;;;
2009;Salmonella;Enterica;Reading;;;IMP_PORK;167;0;0;;;;;;;
2009;Salmonella;Enterica;Rissen;;;IMP_PORK;167;1;0;;;;;;;
2009;Salmonella;Enterica;Saintpaul;;;IMP_PORK;167;1;0;;;;;;;
2009;Salmonella;Enterica;Schwarzengrund;;;IMP_PORK;167;1;0;;;;;;;
2009;Salmonella;Enterica;Senftenberg;;;IMP_PORK;167;0;0;;;;;;;
2009;Salmonella;Enterica;Tennessee;;;IMP_PORK;167;0;0;;;;;;;
2009;Salmonella;Enterica;Others;;;IMP_PORK;167;17;;;;;;;;
2009;Salmonella;Enterica;Enteritidis;PT 21;;IMP_TURKEY;315;0;0;;;;;;;
2009;Salmonella;Enterica;Enteritidis;PT 4;;IMP_TURKEY;315;1;0;;;;;;;
2009;Salmonella;Enterica;Enteritidis;PT 8;;IMP_TURKEY;315;0;0;;;;;;;
2009;Salmonella;Enterica;Typhimurium;DT 104;RRRRSSSSS;IMP_TURKEY;315;0;0;;;;;;;
2009;Salmonella;Enterica;Typhimurium;DT 120;RSRRSSSSS;IMP_TURKEY;315;0;0;;;;;;;
2009;Salmonella;Enterica;Typhimurium;DT 120;RSRSSSSSS;IMP_TURKEY;315;0;0;;;;;;;
2009;Salmonella;Enterica;Typhimurium;DT 193;RSRRSSSSS;IMP_TURKEY;315;1;0;;;;;;;
2009;Salmonella;Enterica;Typhimurium;NT;RSRSSSSSS;IMP_TURKEY;315;0;0;;;;;;;
2009;Salmonella;Enterica;Typhimurium;U302;RRRRSSSSS;IMP_TURKEY;315;0;0;;;;;;;
2009;Salmonella;Enterica;Typhimurium;DT 12;SSSSSSSSS;IMP_TURKEY;315;0;0;;;;;;;
2009;Salmonella;Enterica;Typhimurium;DT 120;SSSSSSSSS;IMP_TURKEY;315;0;0;;;;;;;
2009;Salmonella;Enterica;Typhimurium;DT 17;SSSSSSSSS;IMP_TURKEY;315;0;0;;;;;;;
2009;Salmonella;Enterica;Typhimurium;DT 193;SSSSSSSSS;IMP_TURKEY;315;0;0;;;;;;;
2009;Salmonella;Enterica;Typhimurium;DT 41;SSSSSSSSS;IMP_TURKEY;315;0;0;;;;;;;
2009;Salmonella;Enterica;Typhimurium;DT 66;SSSSSSSSS;IMP_TURKEY;315;0;0;;;;;;;
2009;Salmonella;Enterica;Typhimurium;DT 8;SSSSSSSSS;IMP_TURKEY;315;0;0;;;;;;;
2009;Salmonella;Enterica;Typhimurium;NT;SSSSSSSSS;IMP_TURKEY;315;0;0;;;;;;;
2009;Salmonella;Enterica;Typhimurium;U312;SSSSSSSSS;IMP_TURKEY;315;0;0;;;;;;;
2009;Salmonella;Enterica;Typhimurium;DT 193;;IMP_TURKEY;315;0;0;;;;;;;
2009;Salmonella;Enterica;Agona;;;IMP_TURKEY;315;0;0;;;;;;;
2009;Salmonella;Enterica;Anatum;;;IMP_TURKEY;315;0;0;;;;;;;
2009;Salmonella;Enterica;Brandenburg;;;IMP_TURKEY;315;0;0;;;;;;;
2009;Salmonella;Enterica;Derby;;;IMP_TURKEY;315;0;0;;;;;;;
2009;Salmonella;Enterica;Dublin;;;IMP_TURKEY;315;0;0;;;;;;;
2009;Salmonella;Enterica;Hadar;;;IMP_TURKEY;315;1;0;;;;;;;
2009;Salmonella;Enterica;Indiana;;;IMP_TURKEY;315;0;0;;;;;;;
2009;Salmonella;Enterica;Infantis;;;IMP_TURKEY;315;0;0;;;;;;;
2009;Salmonella;Enterica;Kentucky;;;IMP_TURKEY;315;2;0;;;;;;;
2009;Salmonella;Enterica;Kottbus;;;IMP_TURKEY;315;0;0;;;;;;;
2009;Salmonella;Enterica;London;;;IMP_TURKEY;315;0;0;;;;;;;
2009;Salmonella;Enterica;Mbandaka;;;IMP_TURKEY;315;0;0;;;;;;;
2009;Salmonella;Enterica;Newport;;;IMP_TURKEY;315;2;0;;;;;;;
2009;Salmonella;Enterica;Reading;;;IMP_TURKEY;315;0;0;;;;;;;
2009;Salmonella;Enterica;Rissen;;;IMP_TURKEY;315;0;0;;;;;;;
2009;Salmonella;Enterica;Saintpaul;;;IMP_TURKEY;315;3;0;;;;;;;
2009;Salmonella;Enterica;Schwarzengrund;;;IMP_TURKEY;315;1;0;;;;;;;
2009;Salmonella;Enterica;Senftenberg;;;IMP_TURKEY;315;1;0;;;;;;;
2009;Salmonella;Enterica;Tennessee;;;IMP_TURKEY;315;0;0;;;;;;;
2009;Salmonella;Enterica;Others;;;IMP_TURKEY;315;10;;;;;;;;
2009;Salmonella;Enterica;Enteritidis;PT 21;;LAYERS;333;0;0;;;;;;;
2009;Salmonella;Enterica;Enteritidis;PT 4;;LAYERS;333;0;0;;;;;;;
2009;Salmonella;Enterica;Enteritidis;PT 8;;LAYERS;333;0;0;;;;;;;
2009;Salmonella;Enterica;Typhimurium;DT 104;RRRRSSSSS;LAYERS;333;0;0;;;;;;;
2009;Salmonella;Enterica;Typhimurium;DT 120;RSRRSSSSS;LAYERS;333;0;0;;;;;;;
2009;Salmonella;Enterica;Typhimurium;DT 120;RSRSSSSSS;LAYERS;333;0;0;;;;;;;
2009;Salmonella;Enterica;Typhimurium;DT 193;RSRRSSSSS;LAYERS;333;0;0;;;;;;;
2009;Salmonella;Enterica;Typhimurium;NT;RSRSSSSSS;LAYERS;333;0;0;;;;;;;
2009;Salmonella;Enterica;Typhimurium;U302;RRRRSSSSS;LAYERS;333;0;0;;;;;;;
2009;Salmonella;Enterica;Typhimurium;DT 12;SSSSSSSSS;LAYERS;333;0;0;;;;;;;
2009;Salmonella;Enterica;Typhimurium;DT 120;SSSSSSSSS;LAYERS;333;0;0;;;;;;;
2009;Salmonella;Enterica;Typhimurium;DT 17;SSSSSSSSS;LAYERS;333;0;0;;;;;;;
2009;Salmonella;Enterica;Typhimurium;DT 193;SSSSSSSSS;LAYERS;333;0;0;;;;;;;
2009;Salmonella;Enterica;Typhimurium;DT 41;SSSSSSSSS;LAYERS;333;0;0;;;;;;;
2009;Salmonella;Enterica;Typhimurium;DT 66;SSSSSSSSS;LAYERS;333;0;0;;;;;;;
2009;Salmonella;Enterica;Typhimurium;DT 8;SSSSSSSSS;LAYERS;333;0;0;;;;;;;
2009;Salmonella;Enterica;Typhimurium;NT;SSSSSSSSS;LAYERS;333;0;0;;;;;;;
2009;Salmonella;Enterica;Typhimurium;U312;SSSSSSSSS;LAYERS;333;0;0;;;;;;;
2009;Salmonella;Enterica;Typhimurium;DT 193;;LAYERS;333;0;0;;;;;;;
2009;Salmonella;Enterica;Agona;;;LAYERS;333;0;0;;;;;;;
2009;Salmonella;Enterica;Anatum;;;LAYERS;333;0;0;;;;;;;
2009;Salmonella;Enterica;Brandenburg;;;LAYERS;333;0;0;;;;;;;
2009;Salmonella;Enterica;Derby;;;LAYERS;333;0;0;;;;;;;
2009;Salmonella;Enterica;Dublin;;;LAYERS;333;0;0;;;;;;;
2009;Salmonella;Enterica;Hadar;;;LAYERS;333;0;0;;;;;;;
2009;Salmonella;Enterica;Indiana;;;LAYERS;333;0;0;;;;;;;
2009;Salmonella;Enterica;Infantis;;;LAYERS;333;1;0;;;;;;;
2009;Salmonella;Enterica;Kentucky;;;LAYERS;333;0;0;;;;;;;
2009;Salmonella;Enterica;Kottbus;;;LAYERS;333;0;0;;;;;;;
2009;Salmonella;Enterica;London;;;LAYERS;333;0;0;;;;;;;
2009;Salmonella;Enterica;Mbandaka;;;LAYERS;333;0;0;;;;;;;
2009;Salmonella;Enterica;Newport;;;LAYERS;333;0;0;;;;;;;
2009;Salmonella;Enterica;Reading;;;LAYERS;333;0;0;;;;;;;
2009;Salmonella;Enterica;Rissen;;;LAYERS;333;0;0;;;;;;;
2009;Salmonella;Enterica;Saintpaul;;;LAYERS;333;0;0;;;;;;;
2009;Salmonella;Enterica;Schwarzengrund;;;LAYERS;333;0;0;;;;;;;
2009;Salmonella;Enterica;Senftenberg;;;LAYERS;333;0;0;;;;;;;
2009;Salmonella;Enterica;Tennessee;;;LAYERS;333;0;0;;;;;;;
2009;Salmonella;Enterica;Others;;;LAYERS;333;0;;;;;;;;
2009;Salmonella;Enterica;Enteritidis;PT 21;;PORK;6902;0;0;;;;;;;
2009;Salmonella;Enterica;Enteritidis;PT 4;;PORK;6902;0;0;;;;;;;
2009;Salmonella;Enterica;Enteritidis;PT 8;;PORK;6902;0;0;;;;;;;
2009;Salmonella;Enterica;Typhimurium;DT 104;RRRRSSSSS;PORK;6902;0;0;;;;;;;
2009;Salmonella;Enterica;Typhimurium;DT 120;RSRRSSSSS;PORK;6902;2;0;;;;;;;
2009;Salmonella;Enterica;Typhimurium;DT 120;RSRSSSSSS;PORK;6902;3;0;;;;;;;
2009;Salmonella;Enterica;Typhimurium;DT 193;RSRRSSSSS;PORK;6902;1;0;;;;;;;
2009;Salmonella;Enterica;Typhimurium;NT;RSRSSSSSS;PORK;6902;1;0;;;;;;;
2009;Salmonella;Enterica;Typhimurium;U302;RRRRSSSSS;PORK;6902;0;0;;;;;;;
2009;Salmonella;Enterica;Typhimurium;DT 12;SSSSSSSSS;PORK;6902;4;0;;;;;;;
2009;Salmonella;Enterica;Typhimurium;DT 120;SSSSSSSSS;PORK;6902;1;0;;;;;;;
2009;Salmonella;Enterica;Typhimurium;DT 17;SSSSSSSSS;PORK;6902;3;0;;;;;;;
2009;Salmonella;Enterica;Typhimurium;DT 193;SSSSSSSSS;PORK;6902;0;0;;;;;;;
2009;Salmonella;Enterica;Typhimurium;DT 41;SSSSSSSSS;PORK;6902;0;0;;;;;;;
2009;Salmonella;Enterica;Typhimurium;DT 66;SSSSSSSSS;PORK;6902;1;0;;;;;;;
2009;Salmonella;Enterica;Typhimurium;DT 8;SSSSSSSSS;PORK;6902;0;0;;;;;;;
2009;Salmonella;Enterica;Typhimurium;NT;SSSSSSSSS;PORK;6902;2;0;;;;;;;
2009;Salmonella;Enterica;Typhimurium;U312;SSSSSSSSS;PORK;6902;1;0;;;;;;;
2009;Salmonella;Enterica;Typhimurium;DT 193;;PORK;6902;0;0;;;;;;;
2009;Salmonella;Enterica;Agona;;;PORK;6902;0;0;;;;;;;
2009;Salmonella;Enterica;Anatum;;;PORK;6902;0;0;;;;;;;
2009;Salmonella;Enterica;Brandenburg;;;PORK;6902;1;0;;;;;;;
2009;Salmonella;Enterica;Derby;;;PORK;6902;21;0;;;;;;;
2009;Salmonella;Enterica;Dublin;;;PORK;6902;0;0;;;;;;;
2009;Salmonella;Enterica;Hadar;;;PORK;6902;0;0;;;;;;;
2009;Salmonella;Enterica;Indiana;;;PORK;6902;0;0;;;;;;;
2009;Salmonella;Enterica;Infantis;;;PORK;6902;7;0;;;;;;;
2009;Salmonella;Enterica;Kentucky;;;PORK;6902;0;0;;;;;;;
2009;Salmonella;Enterica;Kottbus;;;PORK;6902;0;0;;;;;;;
2009;Salmonella;Enterica;London;;;PORK;6902;5;0;;;;;;;
2009;Salmonella;Enterica;Mbandaka;;;PORK;6902;0;0;;;;;;;
2009;Salmonella;Enterica;Newport;;;PORK;6902;0;0;;;;;;;
2009;Salmonella;Enterica;Reading;;;PORK;6902;0;0;;;;;;;
2009;Salmonella;Enterica;Rissen;;;PORK;6902;0;0;;;;;;;
2009;Salmonella;Enterica;Saintpaul;;;PORK;6902;0;0;;;;;;;
2009;Salmonella;Enterica;Schwarzengrund;;;PORK;6902;0;0;;;;;;;
2009;Salmonella;Enterica;Senftenberg;;;PORK;6902;0;0;;;;;;;
2009;Salmonella;Enterica;Tennessee;;;PORK;6902;0;0;;;;;;;
2009;Salmonella;Enterica;Others;;;PORK;6902;25;;;;;;;;
2010;Salmonella;Enterica;Enteritidis;PT 21;;BEEF;2537;0;0;;;;;;;
2010;Salmonella;Enterica;Enteritidis;PT 4;;BEEF;2537;0;0;;;;;;;
2010;Salmonella;Enterica;Enteritidis;PT 8;;BEEF;2537;0;0;;;;;;;
2010;Salmonella;Enterica;Typhimurium;DT 104;RRRRSSSSS;BEEF;2537;0;0;;;;;;;
2010;Salmonella;Enterica;Typhimurium;DT 120;RSRRSSSSS;BEEF;2537;0;0;;;;;;;
2010;Salmonella;Enterica;Typhimurium;DT 120;RSRSSSSSS;BEEF;2537;0;0;;;;;;;
2010;Salmonella;Enterica;Typhimurium;DT 193;RSRRSSSSS;BEEF;2537;0;0;;;;;;;
2010;Salmonella;Enterica;Typhimurium;NT;RSRSSSSSS;BEEF;2537;0;0;;;;;;;
2010;Salmonella;Enterica;Typhimurium;U302;RRRRSSSSS;BEEF;2537;0;0;;;;;;;
2010;Salmonella;Enterica;Typhimurium;DT 12;SSSSSSSSS;BEEF;2537;0;0;;;;;;;
2010;Salmonella;Enterica;Typhimurium;DT 120;SSSSSSSSS;BEEF;2537;0;0;;;;;;;
2010;Salmonella;Enterica;Typhimurium;DT 17;SSSSSSSSS;BEEF;2537;0;0;;;;;;;
2010;Salmonella;Enterica;Typhimurium;DT 193;SSSSSSSSS;BEEF;2537;0;0;;;;;;;
2010;Salmonella;Enterica;Typhimurium;DT 41;SSSSSSSSS;BEEF;2537;0;0;;;;;;;
2010;Salmonella;Enterica;Typhimurium;DT 66;SSSSSSSSS;BEEF;2537;0;0;;;;;;;
2010;Salmonella;Enterica;Typhimurium;DT 8;SSSSSSSSS;BEEF;2537;0;0;;;;;;;
2010;Salmonella;Enterica;Typhimurium;NT;SSSSSSSSS;BEEF;2537;0;0;;;;;;;
2010;Salmonella;Enterica;Typhimurium;U312;SSSSSSSSS;BEEF;2537;0;0;;;;;;;
2010;Salmonella;Enterica;Typhimurium;DT 193;;BEEF;2537;0;0;;;;;;;
2010;Salmonella;Enterica;Agona;;;BEEF;2537;0;0;;;;;;;
2010;Salmonella;Enterica;Anatum;;;BEEF;2537;0;0;;;;;;;
2010;Salmonella;Enterica;Brandenburg;;;BEEF;2537;0;0;;;;;;;
2010;Salmonella;Enterica;Derby;;;BEEF;2537;1;0;;;;;;;
2010;Salmonella;Enterica;Dublin;;;BEEF;2537;3;0;;;;;;;
2010;Salmonella;Enterica;Hadar;;;BEEF;2537;0;0;;;;;;;
2010;Salmonella;Enterica;Indiana;;;BEEF;2537;0;0;;;;;;;
2010;Salmonella;Enterica;Infantis;;;BEEF;2537;0;0;;;;;;;
2010;Salmonella;Enterica;Kentucky;;;BEEF;2537;0;0;;;;;;;
2010;Salmonella;Enterica;Kottbus;;;BEEF;2537;0;0;;;;;;;
2010;Salmonella;Enterica;London;;;BEEF;2537;0;0;;;;;;;
2010;Salmonella;Enterica;Mbandaka;;;BEEF;2537;1;0;;;;;;;
2010;Salmonella;Enterica;Newport;;;BEEF;2537;0;0;;;;;;;
2010;Salmonella;Enterica;Reading;;;BEEF;2537;0;0;;;;;;;
2010;Salmonella;Enterica;Rissen;;;BEEF;2537;0;0;;;;;;;
2010;Salmonella;Enterica;Saintpaul;;;BEEF;2537;0;0;;;;;;;
2010;Salmonella;Enterica;Schwarzengrund;;;BEEF;2537;0;0;;;;;;;
2010;Salmonella;Enterica;Senftenberg;;;BEEF;2537;0;0;;;;;;;
2010;Salmonella;Enterica;Tennessee;;;BEEF;2537;0;0;;;;;;;
2010;Salmonella;Enterica;Others;;;BEEF;2537;1;;;;;;;;
2010;Salmonella;Enterica;Enteritidis;PT 21;;BROILERS;188;0;0;;;;;;;
2010;Salmonella;Enterica;Enteritidis;PT 4;;BROILERS;188;0;0;;;;;;;
2010;Salmonella;Enterica;Enteritidis;PT 8;;BROILERS;188;0;0;;;;;;;
2010;Salmonella;Enterica;Typhimurium;DT 104;RRRRSSSSS;BROILERS;188;0;0;;;;;;;
2010;Salmonella;Enterica;Typhimurium;DT 120;RSRRSSSSS;BROILERS;188;0;0;;;;;;;
2010;Salmonella;Enterica;Typhimurium;DT 120;RSRSSSSSS;BROILERS;188;0;0;;;;;;;
2010;Salmonella;Enterica;Typhimurium;DT 193;RSRRSSSSS;BROILERS;188;0;0;;;;;;;
2010;Salmonella;Enterica;Typhimurium;NT;RSRSSSSSS;BROILERS;188;0;0;;;;;;;
2010;Salmonella;Enterica;Typhimurium;U302;RRRRSSSSS;BROILERS;188;0;0;;;;;;;
2010;Salmonella;Enterica;Typhimurium;DT 12;SSSSSSSSS;BROILERS;188;0;0;;;;;;;
2010;Salmonella;Enterica;Typhimurium;DT 120;SSSSSSSSS;BROILERS;188;0;0;;;;;;;
2010;Salmonella;Enterica;Typhimurium;DT 17;SSSSSSSSS;BROILERS;188;0;0;;;;;;;
2010;Salmonella;Enterica;Typhimurium;DT 193;SSSSSSSSS;BROILERS;188;0;0;;;;;;;
2010;Salmonella;Enterica;Typhimurium;DT 41;SSSSSSSSS;BROILERS;188;0;0;;;;;;;
2010;Salmonella;Enterica;Typhimurium;DT 66;SSSSSSSSS;BROILERS;188;0;0;;;;;;;
2010;Salmonella;Enterica;Typhimurium;DT 8;SSSSSSSSS;BROILERS;188;0;0;;;;;;;
2010;Salmonella;Enterica;Typhimurium;NT;SSSSSSSSS;BROILERS;188;0;0;;;;;;;
2010;Salmonella;Enterica;Typhimurium;U312;SSSSSSSSS;BROILERS;188;0;0;;;;;;;
2010;Salmonella;Enterica;Typhimurium;DT 193;;BROILERS;188;0;0;;;;;;;
2010;Salmonella;Enterica;Agona;;;BROILERS;188;0;0;;;;;;;
2010;Salmonella;Enterica;Anatum;;;BROILERS;188;0;0;;;;;;;
2010;Salmonella;Enterica;Brandenburg;;;BROILERS;188;0;0;;;;;;;
2010;Salmonella;Enterica;Derby;;;BROILERS;188;0;0;;;;;;;
2010;Salmonella;Enterica;Dublin;;;BROILERS;188;0;0;;;;;;;
2010;Salmonella;Enterica;Hadar;;;BROILERS;188;0;0;;;;;;;
2010;Salmonella;Enterica;Indiana;;;BROILERS;188;0;0;;;;;;;
2010;Salmonella;Enterica;Infantis;;;BROILERS;188;0;0;;;;;;;
2010;Salmonella;Enterica;Kentucky;;;BROILERS;188;0;0;;;;;;;
2010;Salmonella;Enterica;Kottbus;;;BROILERS;188;0;0;;;;;;;
2010;Salmonella;Enterica;London;;;BROILERS;188;0;0;;;;;;;
2010;Salmonella;Enterica;Mbandaka;;;BROILERS;188;0;0;;;;;;;
2010;Salmonella;Enterica;Newport;;;BROILERS;188;0;0;;;;;;;
2010;Salmonella;Enterica;Reading;;;BROILERS;188;0;0;;;;;;;
2010;Salmonella;Enterica;Rissen;;;BROILERS;188;0;0;;;;;;;
2010;Salmonella;Enterica;Saintpaul;;;BROILERS;188;0;0;;;;;;;
2010;Salmonella;Enterica;Schwarzengrund;;;BROILERS;188;0;0;;;;;;;
2010;Salmonella;Enterica;Senftenberg;;;BROILERS;188;0;0;;;;;;;
2010;Salmonella;Enterica;Tennessee;;;BROILERS;188;0;0;;;;;;;
2010;Salmonella;Enterica;Others;;;BROILERS;188;1;;;;;;;;
2010;Salmonella;Enterica;Enteritidis;PT 21;;DUCKS;63;0;0;;;;;;;
2010;Salmonella;Enterica;Enteritidis;PT 4;;DUCKS;63;0;0;;;;;;;
2010;Salmonella;Enterica;Enteritidis;PT 8;;DUCKS;63;0;0;;;;;;;
2010;Salmonella;Enterica;Typhimurium;DT 104;RRRRSSSSS;DUCKS;63;0;0;;;;;;;
2010;Salmonella;Enterica;Typhimurium;DT 120;RSRRSSSSS;DUCKS;63;0;0;;;;;;;
2010;Salmonella;Enterica;Typhimurium;DT 120;RSRSSSSSS;DUCKS;63;0;0;;;;;;;
2010;Salmonella;Enterica;Typhimurium;DT 193;RSRRSSSSS;DUCKS;63;0;0;;;;;;;
2010;Salmonella;Enterica;Typhimurium;NT;RSRSSSSSS;DUCKS;63;0;0;;;;;;;
2010;Salmonella;Enterica;Typhimurium;U302;RRRRSSSSS;DUCKS;63;0;0;;;;;;;
2010;Salmonella;Enterica;Typhimurium;DT 12;SSSSSSSSS;DUCKS;63;0;0;;;;;;;
2010;Salmonella;Enterica;Typhimurium;DT 120;SSSSSSSSS;DUCKS;63;0;0;;;;;;;
2010;Salmonella;Enterica;Typhimurium;DT 17;SSSSSSSSS;DUCKS;63;0;0;;;;;;;
2010;Salmonella;Enterica;Typhimurium;DT 193;SSSSSSSSS;DUCKS;63;0;0;;;;;;;
2010;Salmonella;Enterica;Typhimurium;DT 41;SSSSSSSSS;DUCKS;63;0;0;;;;;;;
2010;Salmonella;Enterica;Typhimurium;DT 66;SSSSSSSSS;DUCKS;63;0;0;;;;;;;
2010;Salmonella;Enterica;Typhimurium;DT 8;SSSSSSSSS;DUCKS;63;0;0;;;;;;;
2010;Salmonella;Enterica;Typhimurium;NT;SSSSSSSSS;DUCKS;63;0;0;;;;;;;
2010;Salmonella;Enterica;Typhimurium;U312;SSSSSSSSS;DUCKS;63;0;0;;;;;;;
2010;Salmonella;Enterica;Typhimurium;DT 193;;DUCKS;63;0;0;;;;;;;
2010;Salmonella;Enterica;Agona;;;DUCKS;63;0;0;;;;;;;
2010;Salmonella;Enterica;Anatum;;;DUCKS;63;9;0;;;;;;;
2010;Salmonella;Enterica;Brandenburg;;;DUCKS;63;0;0;;;;;;;
2010;Salmonella;Enterica;Derby;;;DUCKS;63;0;0;;;;;;;
2010;Salmonella;Enterica;Dublin;;;DUCKS;63;0;0;;;;;;;
2010;Salmonella;Enterica;Hadar;;;DUCKS;63;0;0;;;;;;;
2010;Salmonella;Enterica;Indiana;;;DUCKS;63;3;0;;;;;;;
2010;Salmonella;Enterica;Infantis;;;DUCKS;63;0;0;;;;;;;
2010;Salmonella;Enterica;Kentucky;;;DUCKS;63;0;0;;;;;;;
2010;Salmonella;Enterica;Kottbus;;;DUCKS;63;0;0;;;;;;;
2010;Salmonella;Enterica;London;;;DUCKS;63;0;0;;;;;;;
2010;Salmonella;Enterica;Mbandaka;;;DUCKS;63;0;0;;;;;;;
2010;Salmonella;Enterica;Newport;;;DUCKS;63;0;0;;;;;;;
2010;Salmonella;Enterica;Reading;;;DUCKS;63;0;0;;;;;;;
2010;Salmonella;Enterica;Rissen;;;DUCKS;63;0;0;;;;;;;
2010;Salmonella;Enterica;Saintpaul;;;DUCKS;63;0;0;;;;;;;
2010;Salmonella;Enterica;Schwarzengrund;;;DUCKS;63;0;0;;;;;;;
2010;Salmonella;Enterica;Senftenberg;;;DUCKS;63;0;0;;;;;;;
2010;Salmonella;Enterica;Tennessee;;;DUCKS;63;0;0;;;;;;;
2010;Salmonella;Enterica;Others;;;DUCKS;63;16;;;;;;;;
2010;Salmonella;Enterica;Enteritidis;PT 21;;IMP_BEEF;59;0;0;;;;;;;
2010;Salmonella;Enterica;Enteritidis;PT 4;;IMP_BEEF;59;0;0;;;;;;;
2010;Salmonella;Enterica;Enteritidis;PT 8;;IMP_BEEF;59;0;0;;;;;;;
2010;Salmonella;Enterica;Typhimurium;DT 104;RRRRSSSSS;IMP_BEEF;59;0;0;;;;;;;
2010;Salmonella;Enterica;Typhimurium;DT 120;RSRRSSSSS;IMP_BEEF;59;0;0;;;;;;;
2010;Salmonella;Enterica;Typhimurium;DT 120;RSRSSSSSS;IMP_BEEF;59;0;0;;;;;;;
2010;Salmonella;Enterica;Typhimurium;DT 193;RSRRSSSSS;IMP_BEEF;59;0;0;;;;;;;
2010;Salmonella;Enterica;Typhimurium;NT;RSRSSSSSS;IMP_BEEF;59;0;0;;;;;;;
2010;Salmonella;Enterica;Typhimurium;U302;RRRRSSSSS;IMP_BEEF;59;0;0;;;;;;;
2010;Salmonella;Enterica;Typhimurium;DT 12;SSSSSSSSS;IMP_BEEF;59;0;0;;;;;;;
2010;Salmonella;Enterica;Typhimurium;DT 120;SSSSSSSSS;IMP_BEEF;59;0;0;;;;;;;
2010;Salmonella;Enterica;Typhimurium;DT 17;SSSSSSSSS;IMP_BEEF;59;0;0;;;;;;;
2010;Salmonella;Enterica;Typhimurium;DT 193;SSSSSSSSS;IMP_BEEF;59;0;0;;;;;;;
2010;Salmonella;Enterica;Typhimurium;DT 41;SSSSSSSSS;IMP_BEEF;59;0;0;;;;;;;
2010;Salmonella;Enterica;Typhimurium;DT 66;SSSSSSSSS;IMP_BEEF;59;0;0;;;;;;;
2010;Salmonella;Enterica;Typhimurium;DT 8;SSSSSSSSS;IMP_BEEF;59;0;0;;;;;;;
2010;Salmonella;Enterica;Typhimurium;NT;SSSSSSSSS;IMP_BEEF;59;0;0;;;;;;;
2010;Salmonella;Enterica;Typhimurium;U312;SSSSSSSSS;IMP_BEEF;59;0;0;;;;;;;
2010;Salmonella;Enterica;Typhimurium;DT 193;;IMP_BEEF;59;0;0;;;;;;;
2010;Salmonella;Enterica;Agona;;;IMP_BEEF;59;0;0;;;;;;;
2010;Salmonella;Enterica;Anatum;;;IMP_BEEF;59;3;0;;;;;;;
2010;Salmonella;Enterica;Brandenburg;;;IMP_BEEF;59;0;0;;;;;;;
2010;Salmonella;Enterica;Derby;;;IMP_BEEF;59;0;0;;;;;;;
2010;Salmonella;Enterica;Dublin;;;IMP_BEEF;59;1;0;;;;;;;
2010;Salmonella;Enterica;Hadar;;;IMP_BEEF;59;0;0;;;;;;;
2010;Salmonella;Enterica;Indiana;;;IMP_BEEF;59;0;0;;;;;;;
2010;Salmonella;Enterica;Infantis;;;IMP_BEEF;59;0;0;;;;;;;
2010;Salmonella;Enterica;Kentucky;;;IMP_BEEF;59;0;0;;;;;;;
2010;Salmonella;Enterica;Kottbus;;;IMP_BEEF;59;0;0;;;;;;;
2010;Salmonella;Enterica;London;;;IMP_BEEF;59;0;0;;;;;;;
2010;Salmonella;Enterica;Mbandaka;;;IMP_BEEF;59;0;0;;;;;;;
2010;Salmonella;Enterica;Newport;;;IMP_BEEF;59;0;0;;;;;;;
2010;Salmonella;Enterica;Reading;;;IMP_BEEF;59;0;0;;;;;;;
2010;Salmonella;Enterica;Rissen;;;IMP_BEEF;59;0;0;;;;;;;
2010;Salmonella;Enterica;Saintpaul;;;IMP_BEEF;59;0;0;;;;;;;
2010;Salmonella;Enterica;Schwarzengrund;;;IMP_BEEF;59;0;0;;;;;;;
2010;Salmonella;Enterica;Senftenberg;;;IMP_BEEF;59;0;0;;;;;;;
2010;Salmonella;Enterica;Tennessee;;;IMP_BEEF;59;0;0;;;;;;;
2010;Salmonella;Enterica;Others;;;IMP_BEEF;59;0;;;;;;;;
2010;Salmonella;Enterica;Enteritidis;PT 21;;IMP_CHIICK;149;0;0;;;;;;;
2010;Salmonella;Enterica;Enteritidis;PT 4;;IMP_CHIICK;149;1;0;;;;;;;
2010;Salmonella;Enterica;Enteritidis;PT 8;;IMP_CHIICK;149;0;0;;;;;;;
2010;Salmonella;Enterica;Typhimurium;DT 104;RRRRSSSSS;IMP_CHIICK;149;0;0;;;;;;;
2010;Salmonella;Enterica;Typhimurium;DT 120;RSRRSSSSS;IMP_CHIICK;149;0;0;;;;;;;
2010;Salmonella;Enterica;Typhimurium;DT 120;RSRSSSSSS;IMP_CHIICK;149;0;0;;;;;;;
2010;Salmonella;Enterica;Typhimurium;DT 193;RSRRSSSSS;IMP_CHIICK;149;0;0;;;;;;;
2010;Salmonella;Enterica;Typhimurium;NT;RSRSSSSSS;IMP_CHIICK;149;0;0;;;;;;;
2010;Salmonella;Enterica;Typhimurium;U302;RRRRSSSSS;IMP_CHIICK;149;0;0;;;;;;;
2010;Salmonella;Enterica;Typhimurium;DT 12;SSSSSSSSS;IMP_CHIICK;149;0;0;;;;;;;
2010;Salmonella;Enterica;Typhimurium;DT 120;SSSSSSSSS;IMP_CHIICK;149;0;0;;;;;;;
2010;Salmonella;Enterica;Typhimurium;DT 17;SSSSSSSSS;IMP_CHIICK;149;0;0;;;;;;;
2010;Salmonella;Enterica;Typhimurium;DT 193;SSSSSSSSS;IMP_CHIICK;149;0;0;;;;;;;
2010;Salmonella;Enterica;Typhimurium;DT 41;SSSSSSSSS;IMP_CHIICK;149;0;0;;;;;;;
2010;Salmonella;Enterica;Typhimurium;DT 66;SSSSSSSSS;IMP_CHIICK;149;0;0;;;;;;;
2010;Salmonella;Enterica;Typhimurium;DT 8;SSSSSSSSS;IMP_CHIICK;149;0;0;;;;;;;
2010;Salmonella;Enterica;Typhimurium;NT;SSSSSSSSS;IMP_CHIICK;149;0;0;;;;;;;
2010;Salmonella;Enterica;Typhimurium;U312;SSSSSSSSS;IMP_CHIICK;149;1;0;;;;;;;
2010;Salmonella;Enterica;Typhimurium;DT 193;;IMP_CHIICK;149;0;0;;;;;;;
2010;Salmonella;Enterica;Agona;;;IMP_CHIICK;149;0;0;;;;;;;
2010;Salmonella;Enterica;Anatum;;;IMP_CHIICK;149;0;0;;;;;;;
2010;Salmonella;Enterica;Brandenburg;;;IMP_CHIICK;149;0;0;;;;;;;
2010;Salmonella;Enterica;Derby;;;IMP_CHIICK;149;0;0;;;;;;;
2010;Salmonella;Enterica;Dublin;;;IMP_CHIICK;149;0;0;;;;;;;
2010;Salmonella;Enterica;Hadar;;;IMP_CHIICK;149;0;0;;;;;;;
2010;Salmonella;Enterica;Indiana;;;IMP_CHIICK;149;2;0;;;;;;;
2010;Salmonella;Enterica;Infantis;;;IMP_CHIICK;149;3;0;;;;;;;
2010;Salmonella;Enterica;Kentucky;;;IMP_CHIICK;149;0;0;;;;;;;
2010;Salmonella;Enterica;Kottbus;;;IMP_CHIICK;149;0;0;;;;;;;
2010;Salmonella;Enterica;London;;;IMP_CHIICK;149;0;0;;;;;;;
2010;Salmonella;Enterica;Mbandaka;;;IMP_CHIICK;149;0;0;;;;;;;
2010;Salmonella;Enterica;Newport;;;IMP_CHIICK;149;0;0;;;;;;;
2010;Salmonella;Enterica;Reading;;;IMP_CHIICK;149;0;0;;;;;;;
2010;Salmonella;Enterica;Rissen;;;IMP_CHIICK;149;0;0;;;;;;;
2010;Salmonella;Enterica;Saintpaul;;;IMP_CHIICK;149;0;0;;;;;;;
2010;Salmonella;Enterica;Schwarzengrund;;;IMP_CHIICK;149;0;0;;;;;;;
2010;Salmonella;Enterica;Senftenberg;;;IMP_CHIICK;149;0;0;;;;;;;
2010;Salmonella;Enterica;Tennessee;;;IMP_CHIICK;149;0;0;;;;;;;
2010;Salmonella;Enterica;Others;;;IMP_CHIICK;149;6;;;;;;;;
2010;Salmonella;Enterica;Enteritidis;PT 21;;IMP_DUCK;232;0;0;;;;;;;
2010;Salmonella;Enterica;Enteritidis;PT 4;;IMP_DUCK;232;0;0;;;;;;;
2010;Salmonella;Enterica;Enteritidis;PT 8;;IMP_DUCK;232;0;0;;;;;;;
2010;Salmonella;Enterica;Typhimurium;DT 104;RRRRSSSSS;IMP_DUCK;232;0;0;;;;;;;
2010;Salmonella;Enterica;Typhimurium;DT 120;RSRRSSSSS;IMP_DUCK;232;0;0;;;;;;;
2010;Salmonella;Enterica;Typhimurium;DT 120;RSRSSSSSS;IMP_DUCK;232;0;0;;;;;;;
2010;Salmonella;Enterica;Typhimurium;DT 193;RSRRSSSSS;IMP_DUCK;232;0;0;;;;;;;
2010;Salmonella;Enterica;Typhimurium;NT;RSRSSSSSS;IMP_DUCK;232;0;0;;;;;;;
2010;Salmonella;Enterica;Typhimurium;U302;RRRRSSSSS;IMP_DUCK;232;0;0;;;;;;;
2010;Salmonella;Enterica;Typhimurium;DT 12;SSSSSSSSS;IMP_DUCK;232;0;0;;;;;;;
2010;Salmonella;Enterica;Typhimurium;DT 120;SSSSSSSSS;IMP_DUCK;232;0;0;;;;;;;
2010;Salmonella;Enterica;Typhimurium;DT 17;SSSSSSSSS;IMP_DUCK;232;1;0;;;;;;;
2010;Salmonella;Enterica;Typhimurium;DT 193;SSSSSSSSS;IMP_DUCK;232;0;0;;;;;;;
2010;Salmonella;Enterica;Typhimurium;DT 41;SSSSSSSSS;IMP_DUCK;232;0;0;;;;;;;
2010;Salmonella;Enterica;Typhimurium;DT 66;SSSSSSSSS;IMP_DUCK;232;0;0;;;;;;;
2010;Salmonella;Enterica;Typhimurium;DT 8;SSSSSSSSS;IMP_DUCK;232;16;0;;;;;;;
2010;Salmonella;Enterica;Typhimurium;NT;SSSSSSSSS;IMP_DUCK;232;1;0;;;;;;;
2010;Salmonella;Enterica;Typhimurium;U312;SSSSSSSSS;IMP_DUCK;232;0;0;;;;;;;
2010;Salmonella;Enterica;Typhimurium;DT 193;;IMP_DUCK;232;0;0;;;;;;;
2010;Salmonella;Enterica;Agona;;;IMP_DUCK;232;0;0;;;;;;;
2010;Salmonella;Enterica;Anatum;;;IMP_DUCK;232;1;0;;;;;;;
2010;Salmonella;Enterica;Brandenburg;;;IMP_DUCK;232;0;0;;;;;;;
2010;Salmonella;Enterica;Derby;;;IMP_DUCK;232;0;0;;;;;;;
2010;Salmonella;Enterica;Dublin;;;IMP_DUCK;232;0;0;;;;;;;
2010;Salmonella;Enterica;Hadar;;;IMP_DUCK;232;1;0;;;;;;;
2010;Salmonella;Enterica;Indiana;;;IMP_DUCK;232;20;0;;;;;;;
2010;Salmonella;Enterica;Infantis;;;IMP_DUCK;232;1;0;;;;;;;
2010;Salmonella;Enterica;Kentucky;;;IMP_DUCK;232;0;0;;;;;;;
2010;Salmonella;Enterica;Kottbus;;;IMP_DUCK;232;8;0;;;;;;;
2010;Salmonella;Enterica;London;;;IMP_DUCK;232;0;0;;;;;;;
2010;Salmonella;Enterica;Mbandaka;;;IMP_DUCK;232;0;0;;;;;;;
2010;Salmonella;Enterica;Newport;;;IMP_DUCK;232;1;0;;;;;;;
2010;Salmonella;Enterica;Reading;;;IMP_DUCK;232;0;0;;;;;;;
2010;Salmonella;Enterica;Rissen;;;IMP_DUCK;232;0;0;;;;;;;
2010;Salmonella;Enterica;Saintpaul;;;IMP_DUCK;232;1;0;;;;;;;
2010;Salmonella;Enterica;Schwarzengrund;;;IMP_DUCK;232;0;0;;;;;;;
2010;Salmonella;Enterica;Senftenberg;;;IMP_DUCK;232;0;0;;;;;;;
2010;Salmonella;Enterica;Tennessee;;;IMP_DUCK;232;3;0;;;;;;;
2010;Salmonella;Enterica;Others;;;IMP_DUCK;232;13;;;;;;;;
2010;Salmonella;Enterica;Enteritidis;PT 21;;IMP_PORK;133;0;0;;;;;;;
2010;Salmonella;Enterica;Enteritidis;PT 4;;IMP_PORK;133;0;0;;;;;;;
2010;Salmonella;Enterica;Enteritidis;PT 8;;IMP_PORK;133;0;0;;;;;;;
2010;Salmonella;Enterica;Typhimurium;DT 104;RRRRSSSSS;IMP_PORK;133;0;0;;;;;;;
2010;Salmonella;Enterica;Typhimurium;DT 120;RSRRSSSSS;IMP_PORK;133;0;0;;;;;;;
2010;Salmonella;Enterica;Typhimurium;DT 120;RSRSSSSSS;IMP_PORK;133;0;0;;;;;;;
2010;Salmonella;Enterica;Typhimurium;DT 193;RSRRSSSSS;IMP_PORK;133;0;0;;;;;;;
2010;Salmonella;Enterica;Typhimurium;NT;RSRSSSSSS;IMP_PORK;133;0;0;;;;;;;
2010;Salmonella;Enterica;Typhimurium;U302;RRRRSSSSS;IMP_PORK;133;0;0;;;;;;;
2010;Salmonella;Enterica;Typhimurium;DT 12;SSSSSSSSS;IMP_PORK;133;0;0;;;;;;;
2010;Salmonella;Enterica;Typhimurium;DT 120;SSSSSSSSS;IMP_PORK;133;0;0;;;;;;;
2010;Salmonella;Enterica;Typhimurium;DT 17;SSSSSSSSS;IMP_PORK;133;0;0;;;;;;;
2010;Salmonella;Enterica;Typhimurium;DT 193;SSSSSSSSS;IMP_PORK;133;0;0;;;;;;;
2010;Salmonella;Enterica;Typhimurium;DT 41;SSSSSSSSS;IMP_PORK;133;0;0;;;;;;;
2010;Salmonella;Enterica;Typhimurium;DT 66;SSSSSSSSS;IMP_PORK;133;0;0;;;;;;;
2010;Salmonella;Enterica;Typhimurium;DT 8;SSSSSSSSS;IMP_PORK;133;0;0;;;;;;;
2010;Salmonella;Enterica;Typhimurium;NT;SSSSSSSSS;IMP_PORK;133;0;0;;;;;;;
2010;Salmonella;Enterica;Typhimurium;U312;SSSSSSSSS;IMP_PORK;133;0;0;;;;;;;
2010;Salmonella;Enterica;Typhimurium;DT 193;;IMP_PORK;133;3;0;;;;;;;
2010;Salmonella;Enterica;Agona;;;IMP_PORK;133;0;0;;;;;;;
2010;Salmonella;Enterica;Anatum;;;IMP_PORK;133;0;0;;;;;;;
2010;Salmonella;Enterica;Brandenburg;;;IMP_PORK;133;0;0;;;;;;;
2010;Salmonella;Enterica;Derby;;;IMP_PORK;133;2;0;;;;;;;
2010;Salmonella;Enterica;Dublin;;;IMP_PORK;133;0;0;;;;;;;
2010;Salmonella;Enterica;Hadar;;;IMP_PORK;133;0;0;;;;;;;
2010;Salmonella;Enterica;Indiana;;;IMP_PORK;133;0;0;;;;;;;
2010;Salmonella;Enterica;Infantis;;;IMP_PORK;133;0;0;;;;;;;
2010;Salmonella;Enterica;Kentucky;;;IMP_PORK;133;0;0;;;;;;;
2010;Salmonella;Enterica;Kottbus;;;IMP_PORK;133;0;0;;;;;;;
2010;Salmonella;Enterica;London;;;IMP_PORK;133;1;0;;;;;;;
2010;Salmonella;Enterica;Mbandaka;;;IMP_PORK;133;0;0;;;;;;;
2010;Salmonella;Enterica;Newport;;;IMP_PORK;133;0;0;;;;;;;
2010;Salmonella;Enterica;Reading;;;IMP_PORK;133;0;0;;;;;;;
2010;Salmonella;Enterica;Rissen;;;IMP_PORK;133;0;0;;;;;;;
2010;Salmonella;Enterica;Saintpaul;;;IMP_PORK;133;0;0;;;;;;;
2010;Salmonella;Enterica;Schwarzengrund;;;IMP_PORK;133;0;0;;;;;;;
2010;Salmonella;Enterica;Senftenberg;;;IMP_PORK;133;0;0;;;;;;;
2010;Salmonella;Enterica;Tennessee;;;IMP_PORK;133;0;0;;;;;;;
2010;Salmonella;Enterica;Others;;;IMP_PORK;133;3;;;;;;;;
2010;Salmonella;Enterica;Enteritidis;PT 21;;IMP_TURKEY;207;0;0;;;;;;;
2010;Salmonella;Enterica;Enteritidis;PT 4;;IMP_TURKEY;207;0;0;;;;;;;
2010;Salmonella;Enterica;Enteritidis;PT 8;;IMP_TURKEY;207;0;0;;;;;;;
2010;Salmonella;Enterica;Typhimurium;DT 104;RRRRSSSSS;IMP_TURKEY;207;0;0;;;;;;;
2010;Salmonella;Enterica;Typhimurium;DT 120;RSRRSSSSS;IMP_TURKEY;207;0;0;;;;;;;
2010;Salmonella;Enterica;Typhimurium;DT 120;RSRSSSSSS;IMP_TURKEY;207;0;0;;;;;;;
2010;Salmonella;Enterica;Typhimurium;DT 193;RSRRSSSSS;IMP_TURKEY;207;0;0;;;;;;;
2010;Salmonella;Enterica;Typhimurium;NT;RSRSSSSSS;IMP_TURKEY;207;0;0;;;;;;;
2010;Salmonella;Enterica;Typhimurium;U302;RRRRSSSSS;IMP_TURKEY;207;0;0;;;;;;;
2010;Salmonella;Enterica;Typhimurium;DT 12;SSSSSSSSS;IMP_TURKEY;207;0;0;;;;;;;
2010;Salmonella;Enterica;Typhimurium;DT 120;SSSSSSSSS;IMP_TURKEY;207;0;0;;;;;;;
2010;Salmonella;Enterica;Typhimurium;DT 17;SSSSSSSSS;IMP_TURKEY;207;0;0;;;;;;;
2010;Salmonella;Enterica;Typhimurium;DT 193;SSSSSSSSS;IMP_TURKEY;207;0;0;;;;;;;
2010;Salmonella;Enterica;Typhimurium;DT 41;SSSSSSSSS;IMP_TURKEY;207;0;0;;;;;;;
2010;Salmonella;Enterica;Typhimurium;DT 66;SSSSSSSSS;IMP_TURKEY;207;0;0;;;;;;;
2010;Salmonella;Enterica;Typhimurium;DT 8;SSSSSSSSS;IMP_TURKEY;207;0;0;;;;;;;
2010;Salmonella;Enterica;Typhimurium;NT;SSSSSSSSS;IMP_TURKEY;207;0;0;;;;;;;
2010;Salmonella;Enterica;Typhimurium;U312;SSSSSSSSS;IMP_TURKEY;207;0;0;;;;;;;
2010;Salmonella;Enterica;Typhimurium;DT 193;;IMP_TURKEY;207;1;0;;;;;;;
2010;Salmonella;Enterica;Agona;;;IMP_TURKEY;207;0;0;;;;;;;
2010;Salmonella;Enterica;Anatum;;;IMP_TURKEY;207;0;0;;;;;;;
2010;Salmonella;Enterica;Brandenburg;;;IMP_TURKEY;207;0;0;;;;;;;
2010;Salmonella;Enterica;Derby;;;IMP_TURKEY;207;0;0;;;;;;;
2010;Salmonella;Enterica;Dublin;;;IMP_TURKEY;207;0;0;;;;;;;
2010;Salmonella;Enterica;Hadar;;;IMP_TURKEY;207;2;0;;;;;;;
2010;Salmonella;Enterica;Indiana;;;IMP_TURKEY;207;3;0;;;;;;;
2010;Salmonella;Enterica;Infantis;;;IMP_TURKEY;207;0;0;;;;;;;
2010;Salmonella;Enterica;Kentucky;;;IMP_TURKEY;207;1;0;;;;;;;
2010;Salmonella;Enterica;Kottbus;;;IMP_TURKEY;207;0;0;;;;;;;
2010;Salmonella;Enterica;London;;;IMP_TURKEY;207;0;0;;;;;;;
2010;Salmonella;Enterica;Mbandaka;;;IMP_TURKEY;207;0;0;;;;;;;
2010;Salmonella;Enterica;Newport;;;IMP_TURKEY;207;0;0;;;;;;;
2010;Salmonella;Enterica;Reading;;;IMP_TURKEY;207;0;0;;;;;;;
2010;Salmonella;Enterica;Rissen;;;IMP_TURKEY;207;0;0;;;;;;;
2010;Salmonella;Enterica;Saintpaul;;;IMP_TURKEY;207;2;0;;;;;;;
2010;Salmonella;Enterica;Schwarzengrund;;;IMP_TURKEY;207;0;0;;;;;;;
2010;Salmonella;Enterica;Senftenberg;;;IMP_TURKEY;207;0;0;;;;;;;
2010;Salmonella;Enterica;Tennessee;;;IMP_TURKEY;207;0;0;;;;;;;
2010;Salmonella;Enterica;Others;;;IMP_TURKEY;207;3;;;;;;;;
2010;Salmonella;Enterica;Enteritidis;PT 21;;LAYERS;327;0;0;;;;;;;
2010;Salmonella;Enterica;Enteritidis;PT 4;;LAYERS;327;0;0;;;;;;;
2010;Salmonella;Enterica;Enteritidis;PT 8;;LAYERS;327;0;0;;;;;;;
2010;Salmonella;Enterica;Typhimurium;DT 104;RRRRSSSSS;LAYERS;327;0;0;;;;;;;
2010;Salmonella;Enterica;Typhimurium;DT 120;RSRRSSSSS;LAYERS;327;0;0;;;;;;;
2010;Salmonella;Enterica;Typhimurium;DT 120;RSRSSSSSS;LAYERS;327;0;0;;;;;;;
2010;Salmonella;Enterica;Typhimurium;DT 193;RSRRSSSSS;LAYERS;327;0;0;;;;;;;
2010;Salmonella;Enterica;Typhimurium;NT;RSRSSSSSS;LAYERS;327;0;0;;;;;;;
2010;Salmonella;Enterica;Typhimurium;U302;RRRRSSSSS;LAYERS;327;0;0;;;;;;;
2010;Salmonella;Enterica;Typhimurium;DT 12;SSSSSSSSS;LAYERS;327;0;0;;;;;;;
2010;Salmonella;Enterica;Typhimurium;DT 120;SSSSSSSSS;LAYERS;327;0;0;;;;;;;
2010;Salmonella;Enterica;Typhimurium;DT 17;SSSSSSSSS;LAYERS;327;0;0;;;;;;;
2010;Salmonella;Enterica;Typhimurium;DT 193;SSSSSSSSS;LAYERS;327;0;0;;;;;;;
2010;Salmonella;Enterica;Typhimurium;DT 41;SSSSSSSSS;LAYERS;327;0;0;;;;;;;
2010;Salmonella;Enterica;Typhimurium;DT 66;SSSSSSSSS;LAYERS;327;0;0;;;;;;;
2010;Salmonella;Enterica;Typhimurium;DT 8;SSSSSSSSS;LAYERS;327;0;0;;;;;;;
2010;Salmonella;Enterica;Typhimurium;NT;SSSSSSSSS;LAYERS;327;0;0;;;;;;;
2010;Salmonella;Enterica;Typhimurium;U312;SSSSSSSSS;LAYERS;327;0;0;;;;;;;
2010;Salmonella;Enterica;Typhimurium;DT 193;;LAYERS;327;0;0;;;;;;;
2010;Salmonella;Enterica;Agona;;;LAYERS;327;0;0;;;;;;;
2010;Salmonella;Enterica;Anatum;;;LAYERS;327;0;0;;;;;;;
2010;Salmonella;Enterica;Brandenburg;;;LAYERS;327;0;0;;;;;;;
2010;Salmonella;Enterica;Derby;;;LAYERS;327;0;0;;;;;;;
2010;Salmonella;Enterica;Dublin;;;LAYERS;327;0;0;;;;;;;
2010;Salmonella;Enterica;Hadar;;;LAYERS;327;0;0;;;;;;;
2010;Salmonella;Enterica;Indiana;;;LAYERS;327;0;0;;;;;;;
2010;Salmonella;Enterica;Infantis;;;LAYERS;327;0;0;;;;;;;
2010;Salmonella;Enterica;Kentucky;;;LAYERS;327;0;0;;;;;;;
2010;Salmonella;Enterica;Kottbus;;;LAYERS;327;0;0;;;;;;;
2010;Salmonella;Enterica;London;;;LAYERS;327;0;0;;;;;;;
2010;Salmonella;Enterica;Mbandaka;;;LAYERS;327;0;0;;;;;;;
2010;Salmonella;Enterica;Newport;;;LAYERS;327;0;0;;;;;;;
2010;Salmonella;Enterica;Reading;;;LAYERS;327;0;0;;;;;;;
2010;Salmonella;Enterica;Rissen;;;LAYERS;327;0;0;;;;;;;
2010;Salmonella;Enterica;Saintpaul;;;LAYERS;327;0;0;;;;;;;
2010;Salmonella;Enterica;Schwarzengrund;;;LAYERS;327;0;0;;;;;;;
2010;Salmonella;Enterica;Senftenberg;;;LAYERS;327;0;0;;;;;;;
2010;Salmonella;Enterica;Tennessee;;;LAYERS;327;0;0;;;;;;;
2010;Salmonella;Enterica;Others;;;LAYERS;327;0;;;;;;;;
2010;Salmonella;Enterica;Enteritidis;PT 21;;PORK;6680;0;0;;;;;;;
2010;Salmonella;Enterica;Enteritidis;PT 4;;PORK;6680;0;0;;;;;;;
2010;Salmonella;Enterica;Enteritidis;PT 8;;PORK;6680;0;0;;;;;;;
2010;Salmonella;Enterica;Typhimurium;DT 104;RRRRSSSSS;PORK;6680;1;0;;;;;;;
2010;Salmonella;Enterica;Typhimurium;DT 120;RSRRSSSSS;PORK;6680;1;0;;;;;;;
2010;Salmonella;Enterica;Typhimurium;DT 120;RSRSSSSSS;PORK;6680;2;0;;;;;;;
2010;Salmonella;Enterica;Typhimurium;DT 193;RSRRSSSSS;PORK;6680;0;0;;;;;;;
2010;Salmonella;Enterica;Typhimurium;NT;RSRSSSSSS;PORK;6680;1;0;;;;;;;
2010;Salmonella;Enterica;Typhimurium;U302;RRRRSSSSS;PORK;6680;0;0;;;;;;;
2010;Salmonella;Enterica;Typhimurium;DT 12;SSSSSSSSS;PORK;6680;1;0;;;;;;;
2010;Salmonella;Enterica;Typhimurium;DT 120;SSSSSSSSS;PORK;6680;0;0;;;;;;;
2010;Salmonella;Enterica;Typhimurium;DT 17;SSSSSSSSS;PORK;6680;1;0;;;;;;;
2010;Salmonella;Enterica;Typhimurium;DT 193;SSSSSSSSS;PORK;6680;0;0;;;;;;;
2010;Salmonella;Enterica;Typhimurium;DT 41;SSSSSSSSS;PORK;6680;0;0;;;;;;;
2010;Salmonella;Enterica;Typhimurium;DT 66;SSSSSSSSS;PORK;6680;1;0;;;;;;;
2010;Salmonella;Enterica;Typhimurium;DT 8;SSSSSSSSS;PORK;6680;0;0;;;;;;;
2010;Salmonella;Enterica;Typhimurium;NT;SSSSSSSSS;PORK;6680;3;0;;;;;;;
2010;Salmonella;Enterica;Typhimurium;U312;SSSSSSSSS;PORK;6680;0;0;;;;;;;
2010;Salmonella;Enterica;Typhimurium;DT 193;;PORK;6680;0;0;;;;;;;
2010;Salmonella;Enterica;Agona;;;PORK;6680;0;0;;;;;;;
2010;Salmonella;Enterica;Anatum;;;PORK;6680;0;0;;;;;;;
2010;Salmonella;Enterica;Brandenburg;;;PORK;6680;1;0;;;;;;;
2010;Salmonella;Enterica;Derby;;;PORK;6680;12;0;;;;;;;
2010;Salmonella;Enterica;Dublin;;;PORK;6680;1;0;;;;;;;
2010;Salmonella;Enterica;Hadar;;;PORK;6680;0;0;;;;;;;
2010;Salmonella;Enterica;Indiana;;;PORK;6680;0;0;;;;;;;
2010;Salmonella;Enterica;Infantis;;;PORK;6680;4;0;;;;;;;
2010;Salmonella;Enterica;Kentucky;;;PORK;6680;0;0;;;;;;;
2010;Salmonella;Enterica;Kottbus;;;PORK;6680;0;0;;;;;;;
2010;Salmonella;Enterica;London;;;PORK;6680;0;0;;;;;;;
2010;Salmonella;Enterica;Mbandaka;;;PORK;6680;0;0;;;;;;;
2010;Salmonella;Enterica;Newport;;;PORK;6680;0;0;;;;;;;
2010;Salmonella;Enterica;Reading;;;PORK;6680;0;0;;;;;;;
2010;Salmonella;Enterica;Rissen;;;PORK;6680;0;0;;;;;;;
2010;Salmonella;Enterica;Saintpaul;;;PORK;6680;0;0;;;;;;;
2010;Salmonella;Enterica;Schwarzengrund;;;PORK;6680;0;0;;;;;;;
2010;Salmonella;Enterica;Senftenberg;;;PORK;6680;0;0;;;;;;;
2010;Salmonella;Enterica;Tennessee;;;PORK;6680;0;0;;;;;;;
2010;Salmonella;Enterica;Others;;;PORK;6680;21;;;;;;;;
2011;Salmonella;Enterica;Enteritidis;PT 21;;BEEF;4793;0;0;;;;;;;
2011;Salmonella;Enterica;Enteritidis;PT 4;;BEEF;4793;0;0;;;;;;;
2011;Salmonella;Enterica;Enteritidis;PT 8;;BEEF;4793;0;0;;;;;;;
2011;Salmonella;Enterica;Typhimurium;DT 104;RRRRSSSSS;BEEF;4793;0;0;;;;;;;
2011;Salmonella;Enterica;Typhimurium;DT 120;RSRRSSSSS;BEEF;4793;0;0;;;;;;;
2011;Salmonella;Enterica;Typhimurium;DT 120;RSRSSSSSS;BEEF;4793;0;0;;;;;;;
2011;Salmonella;Enterica;Typhimurium;DT 193;RSRRSSSSS;BEEF;4793;0;0;;;;;;;
2011;Salmonella;Enterica;Typhimurium;NT;RSRSSSSSS;BEEF;4793;0;0;;;;;;;
2011;Salmonella;Enterica;Typhimurium;U302;RRRRSSSSS;BEEF;4793;0;0;;;;;;;
2011;Salmonella;Enterica;Typhimurium;DT 12;SSSSSSSSS;BEEF;4793;0;0;;;;;;;
2011;Salmonella;Enterica;Typhimurium;DT 120;SSSSSSSSS;BEEF;4793;0;0;;;;;;;
2011;Salmonella;Enterica;Typhimurium;DT 17;SSSSSSSSS;BEEF;4793;0;0;;;;;;;
2011;Salmonella;Enterica;Typhimurium;DT 193;SSSSSSSSS;BEEF;4793;0;0;;;;;;;
2011;Salmonella;Enterica;Typhimurium;DT 41;SSSSSSSSS;BEEF;4793;0;0;;;;;;;
2011;Salmonella;Enterica;Typhimurium;DT 66;SSSSSSSSS;BEEF;4793;0;0;;;;;;;
2011;Salmonella;Enterica;Typhimurium;DT 8;SSSSSSSSS;BEEF;4793;0;0;;;;;;;
2011;Salmonella;Enterica;Typhimurium;NT;SSSSSSSSS;BEEF;4793;0;0;;;;;;;
2011;Salmonella;Enterica;Typhimurium;U312;SSSSSSSSS;BEEF;4793;0;0;;;;;;;
2011;Salmonella;Enterica;Typhimurium;DT 193;;BEEF;4793;0;0;;;;;;;
2011;Salmonella;Enterica;Agona;;;BEEF;4793;0;0;;;;;;;
2011;Salmonella;Enterica;Anatum;;;BEEF;4793;0;0;;;;;;;
2011;Salmonella;Enterica;Brandenburg;;;BEEF;4793;0;0;;;;;;;
2011;Salmonella;Enterica;Derby;;;BEEF;4793;0;0;;;;;;;
2011;Salmonella;Enterica;Dublin;;;BEEF;4793;9;0;;;;;;;
2011;Salmonella;Enterica;Hadar;;;BEEF;4793;0;0;;;;;;;
2011;Salmonella;Enterica;Indiana;;;BEEF;4793;0;0;;;;;;;
2011;Salmonella;Enterica;Infantis;;;BEEF;4793;0;0;;;;;;;
2011;Salmonella;Enterica;Kentucky;;;BEEF;4793;0;0;;;;;;;
2011;Salmonella;Enterica;Kottbus;;;BEEF;4793;0;0;;;;;;;
2011;Salmonella;Enterica;London;;;BEEF;4793;0;0;;;;;;;
2011;Salmonella;Enterica;Mbandaka;;;BEEF;4793;0;0;;;;;;;
2011;Salmonella;Enterica;Newport;;;BEEF;4793;0;0;;;;;;;
2011;Salmonella;Enterica;Reading;;;BEEF;4793;0;0;;;;;;;
2011;Salmonella;Enterica;Rissen;;;BEEF;4793;0;0;;;;;;;
2011;Salmonella;Enterica;Saintpaul;;;BEEF;4793;0;0;;;;;;;
2011;Salmonella;Enterica;Schwarzengrund;;;BEEF;4793;0;0;;;;;;;
2011;Salmonella;Enterica;Senftenberg;;;BEEF;4793;0;0;;;;;;;
2011;Salmonella;Enterica;Tennessee;;;BEEF;4793;0;0;;;;;;;
2011;Salmonella;Enterica;Others;;;BEEF;4793;16;;;;;;;;
2011;Salmonella;Enterica;Enteritidis;PT 21;;BROILERS;306;0;0;;;;;;;
2011;Salmonella;Enterica;Enteritidis;PT 4;;BROILERS;306;0;0;;;;;;;
2011;Salmonella;Enterica;Enteritidis;PT 8;;BROILERS;306;0;0;;;;;;;
2011;Salmonella;Enterica;Typhimurium;DT 104;RRRRSSSSS;BROILERS;306;0;0;;;;;;;
2011;Salmonella;Enterica;Typhimurium;DT 120;RSRRSSSSS;BROILERS;306;0;0;;;;;;;
2011;Salmonella;Enterica;Typhimurium;DT 120;RSRSSSSSS;BROILERS;306;0;0;;;;;;;
2011;Salmonella;Enterica;Typhimurium;DT 193;RSRRSSSSS;BROILERS;306;0;0;;;;;;;
2011;Salmonella;Enterica;Typhimurium;NT;RSRSSSSSS;BROILERS;306;0;0;;;;;;;
2011;Salmonella;Enterica;Typhimurium;U302;RRRRSSSSS;BROILERS;306;0;0;;;;;;;
2011;Salmonella;Enterica;Typhimurium;DT 12;SSSSSSSSS;BROILERS;306;0;0;;;;;;;
2011;Salmonella;Enterica;Typhimurium;DT 120;SSSSSSSSS;BROILERS;306;0;0;;;;;;;
2011;Salmonella;Enterica;Typhimurium;DT 17;SSSSSSSSS;BROILERS;306;0;0;;;;;;;
2011;Salmonella;Enterica;Typhimurium;DT 193;SSSSSSSSS;BROILERS;306;0;0;;;;;;;
2011;Salmonella;Enterica;Typhimurium;DT 41;SSSSSSSSS;BROILERS;306;0;0;;;;;;;
2011;Salmonella;Enterica;Typhimurium;DT 66;SSSSSSSSS;BROILERS;306;0;0;;;;;;;
2011;Salmonella;Enterica;Typhimurium;DT 8;SSSSSSSSS;BROILERS;306;0;0;;;;;;;
2011;Salmonella;Enterica;Typhimurium;NT;SSSSSSSSS;BROILERS;306;0;0;;;;;;;
2011;Salmonella;Enterica;Typhimurium;U312;SSSSSSSSS;BROILERS;306;0;0;;;;;;;
2011;Salmonella;Enterica;Typhimurium;DT 193;;BROILERS;306;0;0;;;;;;;
2011;Salmonella;Enterica;Agona;;;BROILERS;306;0;0;;;;;;;
2011;Salmonella;Enterica;Anatum;;;BROILERS;306;0;0;;;;;;;
2011;Salmonella;Enterica;Brandenburg;;;BROILERS;306;0;0;;;;;;;
2011;Salmonella;Enterica;Derby;;;BROILERS;306;0;0;;;;;;;
2011;Salmonella;Enterica;Dublin;;;BROILERS;306;0;0;;;;;;;
2011;Salmonella;Enterica;Hadar;;;BROILERS;306;0;0;;;;;;;
2011;Salmonella;Enterica;Indiana;;;BROILERS;306;0;0;;;;;;;
2011;Salmonella;Enterica;Infantis;;;BROILERS;306;0;0;;;;;;;
2011;Salmonella;Enterica;Kentucky;;;BROILERS;306;0;0;;;;;;;
2011;Salmonella;Enterica;Kottbus;;;BROILERS;306;0;0;;;;;;;
2011;Salmonella;Enterica;London;;;BROILERS;306;0;0;;;;;;;
2011;Salmonella;Enterica;Mbandaka;;;BROILERS;306;0;0;;;;;;;
2011;Salmonella;Enterica;Newport;;;BROILERS;306;0;0;;;;;;;
2011;Salmonella;Enterica;Reading;;;BROILERS;306;0;0;;;;;;;
2011;Salmonella;Enterica;Rissen;;;BROILERS;306;0;0;;;;;;;
2011;Salmonella;Enterica;Saintpaul;;;BROILERS;306;0;0;;;;;;;
2011;Salmonella;Enterica;Schwarzengrund;;;BROILERS;306;0;0;;;;;;;
2011;Salmonella;Enterica;Senftenberg;;;BROILERS;306;0;0;;;;;;;
2011;Salmonella;Enterica;Tennessee;;;BROILERS;306;0;0;;;;;;;
2011;Salmonella;Enterica;Others;;;BROILERS;306;0;;;;;;;;
2011;Salmonella;Enterica;Enteritidis;PT 21;;DUCKS;93;0;0;;;;;;;
2011;Salmonella;Enterica;Enteritidis;PT 4;;DUCKS;93;0;0;;;;;;;
2011;Salmonella;Enterica;Enteritidis;PT 8;;DUCKS;93;0;0;;;;;;;
2011;Salmonella;Enterica;Typhimurium;DT 104;RRRRSSSSS;DUCKS;93;0;0;;;;;;;
2011;Salmonella;Enterica;Typhimurium;DT 120;RSRRSSSSS;DUCKS;93;0;0;;;;;;;
2011;Salmonella;Enterica;Typhimurium;DT 120;RSRSSSSSS;DUCKS;93;0;0;;;;;;;
2011;Salmonella;Enterica;Typhimurium;DT 193;RSRRSSSSS;DUCKS;93;0;0;;;;;;;
2011;Salmonella;Enterica;Typhimurium;NT;RSRSSSSSS;DUCKS;93;0;0;;;;;;;
2011;Salmonella;Enterica;Typhimurium;U302;RRRRSSSSS;DUCKS;93;0;0;;;;;;;
2011;Salmonella;Enterica;Typhimurium;DT 12;SSSSSSSSS;DUCKS;93;0;0;;;;;;;
2011;Salmonella;Enterica;Typhimurium;DT 120;SSSSSSSSS;DUCKS;93;0;0;;;;;;;
2011;Salmonella;Enterica;Typhimurium;DT 17;SSSSSSSSS;DUCKS;93;0;0;;;;;;;
2011;Salmonella;Enterica;Typhimurium;DT 193;SSSSSSSSS;DUCKS;93;0;0;;;;;;;
2011;Salmonella;Enterica;Typhimurium;DT 41;SSSSSSSSS;DUCKS;93;0;0;;;;;;;
2011;Salmonella;Enterica;Typhimurium;DT 66;SSSSSSSSS;DUCKS;93;0;0;;;;;;;
2011;Salmonella;Enterica;Typhimurium;DT 8;SSSSSSSSS;DUCKS;93;0;0;;;;;;;
2011;Salmonella;Enterica;Typhimurium;NT;SSSSSSSSS;DUCKS;93;0;0;;;;;;;
2011;Salmonella;Enterica;Typhimurium;U312;SSSSSSSSS;DUCKS;93;0;0;;;;;;;
2011;Salmonella;Enterica;Typhimurium;DT 193;;DUCKS;93;0;0;;;;;;;
2011;Salmonella;Enterica;Agona;;;DUCKS;93;3;0;;;;;;;
2011;Salmonella;Enterica;Anatum;;;DUCKS;93;19;0;;;;;;;
2011;Salmonella;Enterica;Brandenburg;;;DUCKS;93;0;0;;;;;;;
2011;Salmonella;Enterica;Derby;;;DUCKS;93;0;0;;;;;;;
2011;Salmonella;Enterica;Dublin;;;DUCKS;93;0;0;;;;;;;
2011;Salmonella;Enterica;Hadar;;;DUCKS;93;0;0;;;;;;;
2011;Salmonella;Enterica;Indiana;;;DUCKS;93;11;0;;;;;;;
2011;Salmonella;Enterica;Infantis;;;DUCKS;93;0;0;;;;;;;
2011;Salmonella;Enterica;Kentucky;;;DUCKS;93;0;0;;;;;;;
2011;Salmonella;Enterica;Kottbus;;;DUCKS;93;6;0;;;;;;;
2011;Salmonella;Enterica;London;;;DUCKS;93;0;0;;;;;;;
2011;Salmonella;Enterica;Mbandaka;;;DUCKS;93;0;0;;;;;;;
2011;Salmonella;Enterica;Newport;;;DUCKS;93;9;0;;;;;;;
2011;Salmonella;Enterica;Reading;;;DUCKS;93;3;0;;;;;;;
2011;Salmonella;Enterica;Rissen;;;DUCKS;93;0;0;;;;;;;
2011;Salmonella;Enterica;Saintpaul;;;DUCKS;93;0;0;;;;;;;
2011;Salmonella;Enterica;Schwarzengrund;;;DUCKS;93;0;0;;;;;;;
2011;Salmonella;Enterica;Senftenberg;;;DUCKS;93;2;0;;;;;;;
2011;Salmonella;Enterica;Tennessee;;;DUCKS;93;0;0;;;;;;;
2011;Salmonella;Enterica;Others;;;DUCKS;93;32;;;;;;;;
2011;Salmonella;Enterica;Enteritidis;PT 21;;IMP_BEEF;110;0;0;;;;;;;
2011;Salmonella;Enterica;Enteritidis;PT 4;;IMP_BEEF;110;0;0;;;;;;;
2011;Salmonella;Enterica;Enteritidis;PT 8;;IMP_BEEF;110;0;0;;;;;;;
2011;Salmonella;Enterica;Typhimurium;DT 104;RRRRSSSSS;IMP_BEEF;110;0;0;;;;;;;
2011;Salmonella;Enterica;Typhimurium;DT 120;RSRRSSSSS;IMP_BEEF;110;0;0;;;;;;;
2011;Salmonella;Enterica;Typhimurium;DT 120;RSRSSSSSS;IMP_BEEF;110;0;0;;;;;;;
2011;Salmonella;Enterica;Typhimurium;DT 193;RSRRSSSSS;IMP_BEEF;110;0;0;;;;;;;
2011;Salmonella;Enterica;Typhimurium;NT;RSRSSSSSS;IMP_BEEF;110;0;0;;;;;;;
2011;Salmonella;Enterica;Typhimurium;U302;RRRRSSSSS;IMP_BEEF;110;0;0;;;;;;;
2011;Salmonella;Enterica;Typhimurium;DT 12;SSSSSSSSS;IMP_BEEF;110;0;0;;;;;;;
2011;Salmonella;Enterica;Typhimurium;DT 120;SSSSSSSSS;IMP_BEEF;110;0;0;;;;;;;
2011;Salmonella;Enterica;Typhimurium;DT 17;SSSSSSSSS;IMP_BEEF;110;0;0;;;;;;;
2011;Salmonella;Enterica;Typhimurium;DT 193;SSSSSSSSS;IMP_BEEF;110;0;0;;;;;;;
2011;Salmonella;Enterica;Typhimurium;DT 41;SSSSSSSSS;IMP_BEEF;110;0;0;;;;;;;
2011;Salmonella;Enterica;Typhimurium;DT 66;SSSSSSSSS;IMP_BEEF;110;0;0;;;;;;;
2011;Salmonella;Enterica;Typhimurium;DT 8;SSSSSSSSS;IMP_BEEF;110;0;0;;;;;;;
2011;Salmonella;Enterica;Typhimurium;NT;SSSSSSSSS;IMP_BEEF;110;0;0;;;;;;;
2011;Salmonella;Enterica;Typhimurium;U312;SSSSSSSSS;IMP_BEEF;110;0;0;;;;;;;
2011;Salmonella;Enterica;Typhimurium;DT 193;;IMP_BEEF;110;0;0;;;;;;;
2011;Salmonella;Enterica;Agona;;;IMP_BEEF;110;0;0;;;;;;;
2011;Salmonella;Enterica;Anatum;;;IMP_BEEF;110;0;0;;;;;;;
2011;Salmonella;Enterica;Brandenburg;;;IMP_BEEF;110;0;0;;;;;;;
2011;Salmonella;Enterica;Derby;;;IMP_BEEF;110;0;0;;;;;;;
2011;Salmonella;Enterica;Dublin;;;IMP_BEEF;110;2;0;;;;;;;
2011;Salmonella;Enterica;Hadar;;;IMP_BEEF;110;0;0;;;;;;;
2011;Salmonella;Enterica;Indiana;;;IMP_BEEF;110;0;0;;;;;;;
2011;Salmonella;Enterica;Infantis;;;IMP_BEEF;110;0;0;;;;;;;
2011;Salmonella;Enterica;Kentucky;;;IMP_BEEF;110;0;0;;;;;;;
2011;Salmonella;Enterica;Kottbus;;;IMP_BEEF;110;0;0;;;;;;;
2011;Salmonella;Enterica;London;;;IMP_BEEF;110;0;0;;;;;;;
2011;Salmonella;Enterica;Mbandaka;;;IMP_BEEF;110;0;0;;;;;;;
2011;Salmonella;Enterica;Newport;;;IMP_BEEF;110;0;0;;;;;;;
2011;Salmonella;Enterica;Reading;;;IMP_BEEF;110;0;0;;;;;;;
2011;Salmonella;Enterica;Rissen;;;IMP_BEEF;110;0;0;;;;;;;
2011;Salmonella;Enterica;Saintpaul;;;IMP_BEEF;110;0;0;;;;;;;
2011;Salmonella;Enterica;Schwarzengrund;;;IMP_BEEF;110;0;0;;;;;;;
2011;Salmonella;Enterica;Senftenberg;;;IMP_BEEF;110;0;0;;;;;;;
2011;Salmonella;Enterica;Tennessee;;;IMP_BEEF;110;0;0;;;;;;;
2011;Salmonella;Enterica;Others;;;IMP_BEEF;110;1;;;;;;;;
2011;Salmonella;Enterica;Enteritidis;PT 21;;IMP_CHIICK;212;0;0;;;;;;;
2011;Salmonella;Enterica;Enteritidis;PT 4;;IMP_CHIICK;212;1;0;;;;;;;
2011;Salmonella;Enterica;Enteritidis;PT 8;;IMP_CHIICK;212;1;0;;;;;;;
2011;Salmonella;Enterica;Typhimurium;DT 104;RRRRSSSSS;IMP_CHIICK;212;0;0;;;;;;;
2011;Salmonella;Enterica;Typhimurium;DT 120;RSRRSSSSS;IMP_CHIICK;212;0;0;;;;;;;
2011;Salmonella;Enterica;Typhimurium;DT 120;RSRSSSSSS;IMP_CHIICK;212;0;0;;;;;;;
2011;Salmonella;Enterica;Typhimurium;DT 193;RSRRSSSSS;IMP_CHIICK;212;0;0;;;;;;;
2011;Salmonella;Enterica;Typhimurium;NT;RSRSSSSSS;IMP_CHIICK;212;0;0;;;;;;;
2011;Salmonella;Enterica;Typhimurium;U302;RRRRSSSSS;IMP_CHIICK;212;0;0;;;;;;;
2011;Salmonella;Enterica;Typhimurium;DT 12;SSSSSSSSS;IMP_CHIICK;212;0;0;;;;;;;
2011;Salmonella;Enterica;Typhimurium;DT 120;SSSSSSSSS;IMP_CHIICK;212;0;0;;;;;;;
2011;Salmonella;Enterica;Typhimurium;DT 17;SSSSSSSSS;IMP_CHIICK;212;0;0;;;;;;;
2011;Salmonella;Enterica;Typhimurium;DT 193;SSSSSSSSS;IMP_CHIICK;212;0;0;;;;;;;
2011;Salmonella;Enterica;Typhimurium;DT 41;SSSSSSSSS;IMP_CHIICK;212;0;0;;;;;;;
2011;Salmonella;Enterica;Typhimurium;DT 66;SSSSSSSSS;IMP_CHIICK;212;0;0;;;;;;;
2011;Salmonella;Enterica;Typhimurium;DT 8;SSSSSSSSS;IMP_CHIICK;212;0;0;;;;;;;
2011;Salmonella;Enterica;Typhimurium;NT;SSSSSSSSS;IMP_CHIICK;212;0;0;;;;;;;
2011;Salmonella;Enterica;Typhimurium;U312;SSSSSSSSS;IMP_CHIICK;212;0;0;;;;;;;
2011;Salmonella;Enterica;Typhimurium;DT 193;;IMP_CHIICK;212;0;0;;;;;;;
2011;Salmonella;Enterica;Agona;;;IMP_CHIICK;212;0;0;;;;;;;
2011;Salmonella;Enterica;Anatum;;;IMP_CHIICK;212;0;0;;;;;;;
2011;Salmonella;Enterica;Brandenburg;;;IMP_CHIICK;212;0;0;;;;;;;
2011;Salmonella;Enterica;Derby;;;IMP_CHIICK;212;0;0;;;;;;;
2011;Salmonella;Enterica;Dublin;;;IMP_CHIICK;212;0;0;;;;;;;
2011;Salmonella;Enterica;Hadar;;;IMP_CHIICK;212;1;0;;;;;;;
2011;Salmonella;Enterica;Indiana;;;IMP_CHIICK;212;0;0;;;;;;;
2011;Salmonella;Enterica;Infantis;;;IMP_CHIICK;212;1;0;;;;;;;
2011;Salmonella;Enterica;Kentucky;;;IMP_CHIICK;212;0;0;;;;;;;
2011;Salmonella;Enterica;Kottbus;;;IMP_CHIICK;212;0;0;;;;;;;
2011;Salmonella;Enterica;London;;;IMP_CHIICK;212;0;0;;;;;;;
2011;Salmonella;Enterica;Mbandaka;;;IMP_CHIICK;212;0;0;;;;;;;
2011;Salmonella;Enterica;Newport;;;IMP_CHIICK;212;1;0;;;;;;;
2011;Salmonella;Enterica;Reading;;;IMP_CHIICK;212;0;0;;;;;;;
2011;Salmonella;Enterica;Rissen;;;IMP_CHIICK;212;0;0;;;;;;;
2011;Salmonella;Enterica;Saintpaul;;;IMP_CHIICK;212;0;0;;;;;;;
2011;Salmonella;Enterica;Schwarzengrund;;;IMP_CHIICK;212;0;0;;;;;;;
2011;Salmonella;Enterica;Senftenberg;;;IMP_CHIICK;212;0;0;;;;;;;
2011;Salmonella;Enterica;Tennessee;;;IMP_CHIICK;212;0;0;;;;;;;
2011;Salmonella;Enterica;Others;;;IMP_CHIICK;212;13;;;;;;;;
2011;Salmonella;Enterica;Enteritidis;PT 21;;IMP_DUCK;492;0;0;;;;;;;
2011;Salmonella;Enterica;Enteritidis;PT 4;;IMP_DUCK;492;5;0;;;;;;;
2011;Salmonella;Enterica;Enteritidis;PT 8;;IMP_DUCK;492;0;0;;;;;;;
2011;Salmonella;Enterica;Typhimurium;DT 104;RRRRSSSSS;IMP_DUCK;492;0;0;;;;;;;
2011;Salmonella;Enterica;Typhimurium;DT 120;RSRRSSSSS;IMP_DUCK;492;0;0;;;;;;;
2011;Salmonella;Enterica;Typhimurium;DT 120;RSRSSSSSS;IMP_DUCK;492;0;0;;;;;;;
2011;Salmonella;Enterica;Typhimurium;DT 193;RSRRSSSSS;IMP_DUCK;492;0;0;;;;;;;
2011;Salmonella;Enterica;Typhimurium;NT;RSRSSSSSS;IMP_DUCK;492;0;0;;;;;;;
2011;Salmonella;Enterica;Typhimurium;U302;RRRRSSSSS;IMP_DUCK;492;0;0;;;;;;;
2011;Salmonella;Enterica;Typhimurium;DT 12;SSSSSSSSS;IMP_DUCK;492;0;0;;;;;;;
2011;Salmonella;Enterica;Typhimurium;DT 120;SSSSSSSSS;IMP_DUCK;492;1;0;;;;;;;
2011;Salmonella;Enterica;Typhimurium;DT 17;SSSSSSSSS;IMP_DUCK;492;0;0;;;;;;;
2011;Salmonella;Enterica;Typhimurium;DT 193;SSSSSSSSS;IMP_DUCK;492;0;0;;;;;;;
2011;Salmonella;Enterica;Typhimurium;DT 41;SSSSSSSSS;IMP_DUCK;492;7;0;;;;;;;
2011;Salmonella;Enterica;Typhimurium;DT 66;SSSSSSSSS;IMP_DUCK;492;0;0;;;;;;;
2011;Salmonella;Enterica;Typhimurium;DT 8;SSSSSSSSS;IMP_DUCK;492;34;0;;;;;;;
2011;Salmonella;Enterica;Typhimurium;NT;SSSSSSSSS;IMP_DUCK;492;2;0;;;;;;;
2011;Salmonella;Enterica;Typhimurium;U312;SSSSSSSSS;IMP_DUCK;492;0;0;;;;;;;
2011;Salmonella;Enterica;Typhimurium;DT 193;;IMP_DUCK;492;0;0;;;;;;;
2011;Salmonella;Enterica;Agona;;;IMP_DUCK;492;0;0;;;;;;;
2011;Salmonella;Enterica;Anatum;;;IMP_DUCK;492;3;0;;;;;;;
2011;Salmonella;Enterica;Brandenburg;;;IMP_DUCK;492;0;0;;;;;;;
2011;Salmonella;Enterica;Derby;;;IMP_DUCK;492;0;0;;;;;;;
2011;Salmonella;Enterica;Dublin;;;IMP_DUCK;492;0;0;;;;;;;
2011;Salmonella;Enterica;Hadar;;;IMP_DUCK;492;1;0;;;;;;;
2011;Salmonella;Enterica;Indiana;;;IMP_DUCK;492;14;0;;;;;;;
2011;Salmonella;Enterica;Infantis;;;IMP_DUCK;492;0;0;;;;;;;
2011;Salmonella;Enterica;Kentucky;;;IMP_DUCK;492;0;0;;;;;;;
2011;Salmonella;Enterica;Kottbus;;;IMP_DUCK;492;21;0;;;;;;;
2011;Salmonella;Enterica;London;;;IMP_DUCK;492;0;0;;;;;;;
2011;Salmonella;Enterica;Mbandaka;;;IMP_DUCK;492;8;0;;;;;;;
2011;Salmonella;Enterica;Newport;;;IMP_DUCK;492;0;0;;;;;;;
2011;Salmonella;Enterica;Reading;;;IMP_DUCK;492;4;0;;;;;;;
2011;Salmonella;Enterica;Rissen;;;IMP_DUCK;492;0;0;;;;;;;
2011;Salmonella;Enterica;Saintpaul;;;IMP_DUCK;492;3;0;;;;;;;
2011;Salmonella;Enterica;Schwarzengrund;;;IMP_DUCK;492;0;0;;;;;;;
2011;Salmonella;Enterica;Senftenberg;;;IMP_DUCK;492;0;0;;;;;;;
2011;Salmonella;Enterica;Tennessee;;;IMP_DUCK;492;5;0;;;;;;;
2011;Salmonella;Enterica;Others;;;IMP_DUCK;492;23;;;;;;;;
2011;Salmonella;Enterica;Enteritidis;PT 21;;IMP_PORK;259;0;0;;;;;;;
2011;Salmonella;Enterica;Enteritidis;PT 4;;IMP_PORK;259;0;0;;;;;;;
2011;Salmonella;Enterica;Enteritidis;PT 8;;IMP_PORK;259;0;0;;;;;;;
2011;Salmonella;Enterica;Typhimurium;DT 104;RRRRSSSSS;IMP_PORK;259;0;0;;;;;;;
2011;Salmonella;Enterica;Typhimurium;DT 120;RSRRSSSSS;IMP_PORK;259;1;0;;;;;;;
2011;Salmonella;Enterica;Typhimurium;DT 120;RSRSSSSSS;IMP_PORK;259;0;0;;;;;;;
2011;Salmonella;Enterica;Typhimurium;DT 193;RSRRSSSSS;IMP_PORK;259;3;0;;;;;;;
2011;Salmonella;Enterica;Typhimurium;NT;RSRSSSSSS;IMP_PORK;259;0;0;;;;;;;
2011;Salmonella;Enterica;Typhimurium;U302;RRRRSSSSS;IMP_PORK;259;0;0;;;;;;;
2011;Salmonella;Enterica;Typhimurium;DT 12;SSSSSSSSS;IMP_PORK;259;0;0;;;;;;;
2011;Salmonella;Enterica;Typhimurium;DT 120;SSSSSSSSS;IMP_PORK;259;0;0;;;;;;;
2011;Salmonella;Enterica;Typhimurium;DT 17;SSSSSSSSS;IMP_PORK;259;0;0;;;;;;;
2011;Salmonella;Enterica;Typhimurium;DT 193;SSSSSSSSS;IMP_PORK;259;0;0;;;;;;;
2011;Salmonella;Enterica;Typhimurium;DT 41;SSSSSSSSS;IMP_PORK;259;0;0;;;;;;;
2011;Salmonella;Enterica;Typhimurium;DT 66;SSSSSSSSS;IMP_PORK;259;0;0;;;;;;;
2011;Salmonella;Enterica;Typhimurium;DT 8;SSSSSSSSS;IMP_PORK;259;0;0;;;;;;;
2011;Salmonella;Enterica;Typhimurium;NT;SSSSSSSSS;IMP_PORK;259;0;0;;;;;;;
2011;Salmonella;Enterica;Typhimurium;U312;SSSSSSSSS;IMP_PORK;259;0;0;;;;;;;
2011;Salmonella;Enterica;Typhimurium;DT 193;;IMP_PORK;259;0;0;;;;;;;
2011;Salmonella;Enterica;Agona;;;IMP_PORK;259;0;0;;;;;;;
2011;Salmonella;Enterica;Anatum;;;IMP_PORK;259;15;0;;;;;;;
2011;Salmonella;Enterica;Brandenburg;;;IMP_PORK;259;0;0;;;;;;;
2011;Salmonella;Enterica;Derby;;;IMP_PORK;259;4;0;;;;;;;
2011;Salmonella;Enterica;Dublin;;;IMP_PORK;259;0;0;;;;;;;
2011;Salmonella;Enterica;Hadar;;;IMP_PORK;259;0;0;;;;;;;
2011;Salmonella;Enterica;Indiana;;;IMP_PORK;259;0;0;;;;;;;
2011;Salmonella;Enterica;Infantis;;;IMP_PORK;259;1;0;;;;;;;
2011;Salmonella;Enterica;Kentucky;;;IMP_PORK;259;0;0;;;;;;;
2011;Salmonella;Enterica;Kottbus;;;IMP_PORK;259;0;0;;;;;;;
2011;Salmonella;Enterica;London;;;IMP_PORK;259;0;0;;;;;;;
2011;Salmonella;Enterica;Mbandaka;;;IMP_PORK;259;0;0;;;;;;;
2011;Salmonella;Enterica;Newport;;;IMP_PORK;259;0;0;;;;;;;
2011;Salmonella;Enterica;Reading;;;IMP_PORK;259;0;0;;;;;;;
2011;Salmonella;Enterica;Rissen;;;IMP_PORK;259;1;0;;;;;;;
2011;Salmonella;Enterica;Saintpaul;;;IMP_PORK;259;0;0;;;;;;;
2011;Salmonella;Enterica;Schwarzengrund;;;IMP_PORK;259;0;0;;;;;;;
2011;Salmonella;Enterica;Senftenberg;;;IMP_PORK;259;2;0;;;;;;;
2011;Salmonella;Enterica;Tennessee;;;IMP_PORK;259;0;0;;;;;;;
2011;Salmonella;Enterica;Others;;;IMP_PORK;259;7;;;;;;;;
2011;Salmonella;Enterica;Enteritidis;PT 21;;IMP_TURKEY;325;0;0;;;;;;;
2011;Salmonella;Enterica;Enteritidis;PT 4;;IMP_TURKEY;325;1;0;;;;;;;
2011;Salmonella;Enterica;Enteritidis;PT 8;;IMP_TURKEY;325;0;0;;;;;;;
2011;Salmonella;Enterica;Typhimurium;DT 104;RRRRSSSSS;IMP_TURKEY;325;1;0;;;;;;;
2011;Salmonella;Enterica;Typhimurium;DT 120;RSRRSSSSS;IMP_TURKEY;325;0;0;;;;;;;
2011;Salmonella;Enterica;Typhimurium;DT 120;RSRSSSSSS;IMP_TURKEY;325;0;0;;;;;;;
2011;Salmonella;Enterica;Typhimurium;DT 193;RSRRSSSSS;IMP_TURKEY;325;1;0;;;;;;;
2011;Salmonella;Enterica;Typhimurium;NT;RSRSSSSSS;IMP_TURKEY;325;0;0;;;;;;;
2011;Salmonella;Enterica;Typhimurium;U302;RRRRSSSSS;IMP_TURKEY;325;0;0;;;;;;;
2011;Salmonella;Enterica;Typhimurium;DT 12;SSSSSSSSS;IMP_TURKEY;325;0;0;;;;;;;
2011;Salmonella;Enterica;Typhimurium;DT 120;SSSSSSSSS;IMP_TURKEY;325;0;0;;;;;;;
2011;Salmonella;Enterica;Typhimurium;DT 17;SSSSSSSSS;IMP_TURKEY;325;0;0;;;;;;;
2011;Salmonella;Enterica;Typhimurium;DT 193;SSSSSSSSS;IMP_TURKEY;325;0;0;;;;;;;
2011;Salmonella;Enterica;Typhimurium;DT 41;SSSSSSSSS;IMP_TURKEY;325;0;0;;;;;;;
2011;Salmonella;Enterica;Typhimurium;DT 66;SSSSSSSSS;IMP_TURKEY;325;0;0;;;;;;;
2011;Salmonella;Enterica;Typhimurium;DT 8;SSSSSSSSS;IMP_TURKEY;325;0;0;;;;;;;
2011;Salmonella;Enterica;Typhimurium;NT;SSSSSSSSS;IMP_TURKEY;325;0;0;;;;;;;
2011;Salmonella;Enterica;Typhimurium;U312;SSSSSSSSS;IMP_TURKEY;325;0;0;;;;;;;
2011;Salmonella;Enterica;Typhimurium;DT 193;;IMP_TURKEY;325;0;0;;;;;;;
2011;Salmonella;Enterica;Agona;;;IMP_TURKEY;325;1;0;;;;;;;
2011;Salmonella;Enterica;Anatum;;;IMP_TURKEY;325;1;0;;;;;;;
2011;Salmonella;Enterica;Brandenburg;;;IMP_TURKEY;325;0;0;;;;;;;
2011;Salmonella;Enterica;Derby;;;IMP_TURKEY;325;0;0;;;;;;;
2011;Salmonella;Enterica;Dublin;;;IMP_TURKEY;325;0;0;;;;;;;
2011;Salmonella;Enterica;Hadar;;;IMP_TURKEY;325;3;0;;;;;;;
2011;Salmonella;Enterica;Indiana;;;IMP_TURKEY;325;8;0;;;;;;;
2011;Salmonella;Enterica;Infantis;;;IMP_TURKEY;325;0;0;;;;;;;
2011;Salmonella;Enterica;Kentucky;;;IMP_TURKEY;325;1;0;;;;;;;
2011;Salmonella;Enterica;Kottbus;;;IMP_TURKEY;325;0;0;;;;;;;
2011;Salmonella;Enterica;London;;;IMP_TURKEY;325;0;0;;;;;;;
2011;Salmonella;Enterica;Mbandaka;;;IMP_TURKEY;325;0;0;;;;;;;
2011;Salmonella;Enterica;Newport;;;IMP_TURKEY;325;4;0;;;;;;;
2011;Salmonella;Enterica;Reading;;;IMP_TURKEY;325;0;0;;;;;;;
2011;Salmonella;Enterica;Rissen;;;IMP_TURKEY;325;0;0;;;;;;;
2011;Salmonella;Enterica;Saintpaul;;;IMP_TURKEY;325;2;0;;;;;;;
2011;Salmonella;Enterica;Schwarzengrund;;;IMP_TURKEY;325;0;0;;;;;;;
2011;Salmonella;Enterica;Senftenberg;;;IMP_TURKEY;325;0;0;;;;;;;
2011;Salmonella;Enterica;Tennessee;;;IMP_TURKEY;325;0;0;;;;;;;
2011;Salmonella;Enterica;Others;;;IMP_TURKEY;325;6;;;;;;;;
2011;Salmonella;Enterica;Enteritidis;PT 21;;LAYERS;410;0;0;;;;;;;
2011;Salmonella;Enterica;Enteritidis;PT 4;;LAYERS;410;0;0;;;;;;;
2011;Salmonella;Enterica;Enteritidis;PT 8;;LAYERS;410;1;0;;;;;;;
2011;Salmonella;Enterica;Typhimurium;DT 104;RRRRSSSSS;LAYERS;410;0;0;;;;;;;
2011;Salmonella;Enterica;Typhimurium;DT 120;RSRRSSSSS;LAYERS;410;0;0;;;;;;;
2011;Salmonella;Enterica;Typhimurium;DT 120;RSRSSSSSS;LAYERS;410;0;0;;;;;;;
2011;Salmonella;Enterica;Typhimurium;DT 193;RSRRSSSSS;LAYERS;410;0;0;;;;;;;
2011;Salmonella;Enterica;Typhimurium;NT;RSRSSSSSS;LAYERS;410;0;0;;;;;;;
2011;Salmonella;Enterica;Typhimurium;U302;RRRRSSSSS;LAYERS;410;0;0;;;;;;;
2011;Salmonella;Enterica;Typhimurium;DT 12;SSSSSSSSS;LAYERS;410;0;0;;;;;;;
2011;Salmonella;Enterica;Typhimurium;DT 120;SSSSSSSSS;LAYERS;410;0;0;;;;;;;
2011;Salmonella;Enterica;Typhimurium;DT 17;SSSSSSSSS;LAYERS;410;0;0;;;;;;;
2011;Salmonella;Enterica;Typhimurium;DT 193;SSSSSSSSS;LAYERS;410;0;0;;;;;;;
2011;Salmonella;Enterica;Typhimurium;DT 41;SSSSSSSSS;LAYERS;410;0;0;;;;;;;
2011;Salmonella;Enterica;Typhimurium;DT 66;SSSSSSSSS;LAYERS;410;0;0;;;;;;;
2011;Salmonella;Enterica;Typhimurium;DT 8;SSSSSSSSS;LAYERS;410;0;0;;;;;;;
2011;Salmonella;Enterica;Typhimurium;NT;SSSSSSSSS;LAYERS;410;0;0;;;;;;;
2011;Salmonella;Enterica;Typhimurium;U312;SSSSSSSSS;LAYERS;410;0;0;;;;;;;
2011;Salmonella;Enterica;Typhimurium;DT 193;;LAYERS;410;0;0;;;;;;;
2011;Salmonella;Enterica;Agona;;;LAYERS;410;0;0;;;;;;;
2011;Salmonella;Enterica;Anatum;;;LAYERS;410;0;0;;;;;;;
2011;Salmonella;Enterica;Brandenburg;;;LAYERS;410;0;0;;;;;;;
2011;Salmonella;Enterica;Derby;;;LAYERS;410;0;0;;;;;;;
2011;Salmonella;Enterica;Dublin;;;LAYERS;410;0;0;;;;;;;
2011;Salmonella;Enterica;Hadar;;;LAYERS;410;0;0;;;;;;;
2011;Salmonella;Enterica;Indiana;;;LAYERS;410;0;0;;;;;;;
2011;Salmonella;Enterica;Infantis;;;LAYERS;410;0;0;;;;;;;
2011;Salmonella;Enterica;Kentucky;;;LAYERS;410;0;0;;;;;;;
2011;Salmonella;Enterica;Kottbus;;;LAYERS;410;0;0;;;;;;;
2011;Salmonella;Enterica;London;;;LAYERS;410;0;0;;;;;;;
2011;Salmonella;Enterica;Mbandaka;;;LAYERS;410;0;0;;;;;;;
2011;Salmonella;Enterica;Newport;;;LAYERS;410;0;0;;;;;;;
2011;Salmonella;Enterica;Reading;;;LAYERS;410;0;0;;;;;;;
2011;Salmonella;Enterica;Rissen;;;LAYERS;410;0;0;;;;;;;
2011;Salmonella;Enterica;Saintpaul;;;LAYERS;410;0;0;;;;;;;
2011;Salmonella;Enterica;Schwarzengrund;;;LAYERS;410;0;0;;;;;;;
2011;Salmonella;Enterica;Senftenberg;;;LAYERS;410;0;0;;;;;;;
2011;Salmonella;Enterica;Tennessee;;;LAYERS;410;0;0;;;;;;;
2011;Salmonella;Enterica;Others;;;LAYERS;410;0;;;;;;;;
2011;Salmonella;Enterica;Enteritidis;PT 21;;PORK;13288;0;0;;;;;;;
2011;Salmonella;Enterica;Enteritidis;PT 4;;PORK;13288;0;0;;;;;;;
2011;Salmonella;Enterica;Enteritidis;PT 8;;PORK;13288;0;0;;;;;;;
2011;Salmonella;Enterica;Typhimurium;DT 104;RRRRSSSSS;PORK;13288;2;0;;;;;;;
2011;Salmonella;Enterica;Typhimurium;DT 120;RSRRSSSSS;PORK;13288;3;0;;;;;;;
2011;Salmonella;Enterica;Typhimurium;DT 120;RSRSSSSSS;PORK;13288;3;0;;;;;;;
2011;Salmonella;Enterica;Typhimurium;DT 193;RSRRSSSSS;PORK;13288;2;0;;;;;;;
2011;Salmonella;Enterica;Typhimurium;NT;RSRSSSSSS;PORK;13288;2;0;;;;;;;
2011;Salmonella;Enterica;Typhimurium;U302;RRRRSSSSS;PORK;13288;1;0;;;;;;;
2011;Salmonella;Enterica;Typhimurium;DT 12;SSSSSSSSS;PORK;13288;2;0;;;;;;;
2011;Salmonella;Enterica;Typhimurium;DT 120;SSSSSSSSS;PORK;13288;2;0;;;;;;;
2011;Salmonella;Enterica;Typhimurium;DT 17;SSSSSSSSS;PORK;13288;2;0;;;;;;;
2011;Salmonella;Enterica;Typhimurium;DT 193;SSSSSSSSS;PORK;13288;2;0;;;;;;;
2011;Salmonella;Enterica;Typhimurium;DT 41;SSSSSSSSS;PORK;13288;0;0;;;;;;;
2011;Salmonella;Enterica;Typhimurium;DT 66;SSSSSSSSS;PORK;13288;0;0;;;;;;;
2011;Salmonella;Enterica;Typhimurium;DT 8;SSSSSSSSS;PORK;13288;0;0;;;;;;;
2011;Salmonella;Enterica;Typhimurium;NT;SSSSSSSSS;PORK;13288;2;0;;;;;;;
2011;Salmonella;Enterica;Typhimurium;U312;SSSSSSSSS;PORK;13288;0;0;;;;;;;
2011;Salmonella;Enterica;Typhimurium;DT 193;;PORK;13288;0;0;;;;;;;
2011;Salmonella;Enterica;Agona;;;PORK;13288;0;0;;;;;;;
2011;Salmonella;Enterica;Anatum;;;PORK;13288;0;0;;;;;;;
2011;Salmonella;Enterica;Brandenburg;;;PORK;13288;3;0;;;;;;;
2011;Salmonella;Enterica;Derby;;;PORK;13288;68;0;;;;;;;
2011;Salmonella;Enterica;Dublin;;;PORK;13288;0;0;;;;;;;
2011;Salmonella;Enterica;Hadar;;;PORK;13288;0;0;;;;;;;
2011;Salmonella;Enterica;Indiana;;;PORK;13288;0;0;;;;;;; 
2011;Salmonella;Enterica;Infantis;;;PORK;13288;9;0;;;;;;;
2011;Salmonella;Enterica;Kentucky;;;PORK;13288;0;0;;;;;;;
2011;Salmonella;Enterica;Kottbus;;;PORK;13288;0;0;;;;;;;
2011;Salmonella;Enterica;London;;;PORK;13288;1;0;;;;;;;
2011;Salmonella;Enterica;Mbandaka;;;PORK;13288;0;0;;;;;;;
2011;Salmonella;Enterica;Newport;;;PORK;13288;0;0;;;;;;;
2011;Salmonella;Enterica;Reading;;;PORK;13288;0;0;;;;;;;
2011;Salmonella;Enterica;Rissen;;;PORK;13288;0;0;;;;;;;
2011;Salmonella;Enterica;Saintpaul;;;PORK;13288;0;0;;;;;;;
2011;Salmonella;Enterica;Schwarzengrund;;;PORK;13288;0;0;;;;;;;
2011;Salmonella;Enterica;Senftenberg;;;PORK;13288;0;0;;;;;;;
2011;Salmonella;Enterica;Tennessee;;;PORK;13288;0;0;;;;;;;
2011;Salmonella;Enterica;Others;;;PORK;13288;102;;;;;;;;
